cust_id,CC_tran_tot,CC_tran_avg,CC_tran_count,SV_tran_tot,SV_tran_mean,SV_tran_count,CC_active,total_debt,SV_active,total_savings,income
1362480,1948.66,60.895625,32,482.32000000000005,18.550769230769234,26.0,0,-1587.4,1.0,480.88,50890
1362484,923.8699999999999,16.79763636363636,55,1929.6599999999999,58.47454545454545,33.0,1,-909.06,1.0,1927.41,10053
1362485,-761.2300000000001,-10.572638888888891,72,0.0,0.0,0.0,1,817.62,0.0,0.0,22690
1362487,-1535.59,-47.9871875,32,-638.84,-33.62315789473684,19.0,1,1548.23,0.0,-638.84,6605
1362489,1694.1800000000003,48.40514285714286,35,-386.59000000000003,-17.57227272727273,22.0,0,-1445.41,1.0,-386.59000000000003,55888
1362492,-1963.26,-63.33096774193548,31,0.0,0.0,0.0,1,2000.0,0.0,0.0,40252
1362499,-583.9100000000001,-15.366052631578949,38,0.0,0.0,0.0,1,853.7,0.0,0.0,37180
1362501,3343.76,278.6466666666667,12,0.0,0.0,0.0,1,-3184.9900000000002,0.0,0.0,65347
1362506,-4216.53,-140.551,30,0.0,0.0,0.0,1,4216.53,0.0,0.0,76087
1362508,-179.90000000000003,-2.067816091954023,87,133.4699999999999,4.044545454545452,33.0,1,260.21000000000004,1.0,133.47000000000003,9802
1362509,909.5399999999994,10.5760465116279,86,189.9800000000001,4.418139534883723,43.0,0,-867.49,0.0,189.98,3093
1362511,-904.9299999999998,-18.467959183673464,49,466.37,11.65925,40.0,1,904.93,1.0,465.83000000000004,2517
1362512,-1199.63,-46.13961538461539,26,1064.74,59.15222222222222,18.0,1,1314.9,0.0,1064.7399999999998,15432
1362516,-267.37000000000006,-6.684250000000001,40,0.0,0.0,0.0,1,313.58000000000004,0.0,0.0,29417
1362520,1849.9299999999998,41.10955555555555,45,0.0,0.0,0.0,0,-1556.58,0.0,0.0,58377
1362525,1953.2599999999998,19.931224489795916,98,28.990000000000038,0.7433333333333343,39.0,1,-1850.6699999999998,1.0,28.810000000000002,6300
1362526,2853.35,237.77916666666667,12,594.82,24.784166666666668,24.0,1,-2417.7000000000007,1.0,593.92,43872
1362528,41.920000000000215,0.8384000000000043,50,7.3799999999999475,0.23806451612903057,31.0,1,-35.25999999999999,1.0,7.3799999999999955,6618
1362529,1361.3099999999997,34.905384615384605,39,212.70000000000005,10.12857142857143,21.0,0,-1048.21,1.0,211.08000000000004,43829
1362530,-1345.2000000000003,-25.869230769230775,52,330.66999999999996,12.718076923076922,26.0,1,1402.77,1.0,330.66999999999996,39250
1362531,151.46999999999989,4.733437499999996,32,0.0,0.0,0.0,1,183.8900000000001,0.0,0.0,44742
1362535,207.15,2.8376712328767124,73,0.0,0.0,0.0,1,-204.27,0.0,0.0,26548
1362541,-2046.6599999999999,-42.638749999999995,48,0.0,0.0,0.0,1,2093.96,0.0,0.0,22362
1362542,2253.89,173.37615384615384,13,1047.49,40.28807692307692,26.0,0,-2149.53,1.0,1046.8600000000001,43900
1362546,1125.3500000000001,13.39702380952381,84,870.52,33.48153846153846,26.0,1,-1047.98,1.0,870.52,10025
1362547,-882.8099999999997,-13.581692307692304,65,0.0,0.0,0.0,1,952.52,0.0,0.0,30413
1362548,6977.25,317.14772727272725,22,3.7800000000000002,0.315,12.0,1,-6896.57,1.0,3.780000000000001,44554
1362549,89.3800000000002,1.2243835616438383,73,728.83,16.19622222222222,45.0,1,-18.039999999999964,1.0,727.57,0
1362552,-78.27999999999994,-1.3267796610169482,59,0.0,0.0,0.0,1,125.75,0.0,0.0,8005
1362556,1612.6399999999996,38.39619047619047,42,-79.20000000000005,-3.600000000000002,22.0,0,-1413.94,1.0,-80.00999999999993,56088
1362557,-1000.0,-125.0,8,-629.0600000000001,-20.29225806451613,31.0,1,1000.0,1.0,-629.06,19282
1362562,-9500.0,-351.85185185185185,27,3472.81,86.82025,40.0,1,9500.0,1.0,3472.81,63532
1362563,-979.62,-36.282222222222224,27,0.0,0.0,0.0,1,1000.0,0.0,0.0,14711
1362565,-473.20000000000016,-8.603636363636367,55,621.48,28.24909090909091,22.0,1,529.12,1.0,621.48,27492
1362566,5560.23,113.47408163265305,49,0.0,0.0,0.0,0,-4781.23,0.0,0.0,127848
1362569,-9200.0,-328.57142857142856,28,0.0,0.0,0.0,1,9200.0,0.0,0.0,61300
1362571,-201.81999999999996,-9.610476190476188,21,-312.30000000000007,-14.871428571428575,21.0,1,312.79999999999995,1.0,-312.48000000000025,6108
1362572,14.63000000000011,0.37512820512820794,39,231.96000000000004,7.482580645161291,31.0,1,-9.289999999999964,1.0,230.34000000000003,0
1362574,-1300.0,-17.56756756756757,74,0.0,0.0,0.0,1,1300.0,0.0,0.0,26763
1362577,-1708.1000000000004,-81.33809523809525,21,0.0,0.0,0.0,1,1808.22,0.0,0.0,86055
1362578,-565.92,-11.096470588235293,51,609.56,24.382399999999997,25.0,1,595.0600000000001,1.0,608.8399999999999,0
1362579,1571.3799999999999,18.271860465116276,86,0.0,0.0,0.0,0,-1479.6100000000001,0.0,0.0,17401
1362580,-853.4000000000001,-23.70555555555556,36,-305.43,-14.544285714285715,21.0,1,1051.04,1.0,-305.43,29363
1362584,-995.38,-29.275882352941178,34,-33.13000000000011,-1.2742307692307735,26.0,1,1000.0,1.0,-33.13000000000011,12885
1362586,-1980.8400000000001,-35.37214285714286,56,0.0,0.0,0.0,1,2325.7200000000003,0.0,0.0,24476
1362587,115.44999999999999,1.461392405063291,79,967.4899999999999,29.317878787878783,33.0,1,-20.029999999999973,1.0,967.4900000000001,8799
1362588,-513.13,-9.502407407407407,54,-242.53000000000003,-7.3493939393939405,33.0,1,546.55,1.0,-242.53,6354
1362591,-554.6099999999996,-5.332788461538457,104,0.0,0.0,0.0,1,695.0699999999999,0.0,0.0,26936
1362592,2253.5899999999997,80.48535714285713,28,0.0,0.0,0.0,0,-1796.7200000000003,0.0,0.0,65024
1362593,-639.8399999999997,-8.531199999999997,75,0.0,0.0,0.0,1,689.96,0.0,0.0,11725
1362594,10440.06,193.33444444444444,54,4635.47,121.98605263157896,38.0,0,-9557.0,1.0,4634.66,69205
1362597,585.3600000000001,12.454468085106386,47,0.0,0.0,0.0,1,-496.3399999999999,0.0,0.0,12106
1362598,1869.29,143.79153846153847,13,0.0,0.0,0.0,0,-1781.88,0.0,0.0,49437
1362602,3221.0899999999997,49.55523076923077,65,1465.6,35.74634146341463,41.0,1,-3165.18,1.0,1465.6000000000001,31496
1362605,-252.66000000000005,-8.150322580645163,31,18.06,1.505,12.0,1,294.78999999999996,1.0,18.06000000000006,16957
1362606,-1232.96,-22.417454545454547,55,0.0,0.0,0.0,1,1232.96,0.0,0.0,36586
1362607,1076.7600000000002,16.824375000000003,64,0.0,0.0,0.0,1,-1054.0900000000001,0.0,0.0,24450
1362609,-874.3000000000001,-19.870454545454546,44,-708.48,-22.854193548387098,31.0,1,1224.93,1.0,-709.02,1929
1362610,185.43000000000004,3.784285714285715,49,0.0,0.0,0.0,1,-175.27999999999997,0.0,0.0,9602
1362611,2450.88,55.70181818181818,44,0.0,0.0,0.0,1,-2343.32,0.0,0.0,24115
1362613,-628.0,-18.470588235294116,34,102.32999999999997,3.654642857142856,28.0,1,751.99,1.0,102.33000000000001,7005
1362617,-306.21,-23.55461538461538,13,2.04,0.17,12.0,1,306.84,1.0,2.0400000000000205,13781
1362619,3905.04,3905.04,1,33.449999999999996,2.7874999999999996,12.0,1,-3866.7,1.0,33.44999999999982,32152
1362621,-1000.0,-100.0,10,770.51,36.69095238095238,21.0,1,1000.0,1.0,770.4200000000001,3303
1362622,1968.9100000000005,42.802391304347836,46,4180.82,134.86516129032256,31.0,0,-1901.54,1.0,4180.82,34797
1362624,-698.3400000000001,-14.25183673469388,49,663.5400000000001,25.520769230769233,26.0,1,767.25,1.0,663.54,28867
1362625,2533.23,63.33075,40,0.0,0.0,0.0,1,-2456.07,0.0,0.0,30165
1362630,1077.32,25.65047619047619,42,0.0,0.0,0.0,0,-1053.96,0.0,0.0,15864
1362631,193.6599999999999,3.7972549019607826,51,7.930000000000001,0.6608333333333334,12.0,1,-184.86,1.0,7.92999999999995,34394
1362633,-701.3999999999999,-10.165217391304346,69,-66.44000000000003,-1.7484210526315795,38.0,1,750.8199999999999,1.0,-66.44,10818
1362636,111.4899999999999,1.8896610169491508,59,0.0,0.0,0.0,1,-38.960000000000036,0.0,0.0,10250
1362637,-1131.11,-43.504230769230766,26,-302.87,-15.940526315789475,19.0,1,1200.0,1.0,-302.87,23973
1362640,772.3399999999999,11.882153846153845,65,1125.72,32.163428571428575,35.0,1,-701.51,1.0,1125.54,3726
1362641,335.2,11.558620689655172,29,1.97,0.17909090909090908,11.0,1,-329.38,0.0,1.9699999999999989,3419
1362642,-153.96000000000018,-2.1684507042253545,71,-89.00999999999995,-2.8712903225806437,31.0,1,228.84000000000003,1.0,-89.01,6909
1362643,994.4599999999999,43.237391304347824,23,359.05999999999995,21.12117647058823,17.0,0,-976.67,0.0,359.05999999999995,6356
1362644,-227.09,-10.813809523809525,21,1.94,0.16166666666666665,12.0,1,239.49999999999997,1.0,1.9399999999999977,3371
1362645,2320.23,61.058684210526316,38,0.0,0.0,0.0,0,-2051.7,0.0,0.0,57194
1362649,-755.1600000000001,-8.99,84,0.0,0.0,0.0,1,812.83,0.0,0.0,8976
1362650,-1000.0,-50.0,20,-6.460000000000036,-0.17000000000000096,38.0,1,1000.0,1.0,-6.460000000000008,17804
1362653,-1188.57,-37.1428125,32,0.0,0.0,0.0,1,1188.57,0.0,0.0,31641
1362656,500.55000000000007,9.814705882352943,51,247.61,6.5160526315789475,38.0,1,-448.03,1.0,246.8,17584
1362658,4511.62,563.9525,8,3.5599999999999996,0.29666666666666663,12.0,1,-4414.23,1.0,3.5600000000000023,45629
1362661,3.340000000000032,0.058596491228070736,57,1414.44,35.361000000000004,40.0,1,73.95000000000005,1.0,1408.1399999999999,19649
1362663,-2152.75,-42.21078431372549,51,0.0,0.0,0.0,1,2571.13,0.0,0.0,29030
1362664,-1026.21,-27.735405405405405,37,0.0,0.0,0.0,1,1052.38,0.0,0.0,30676
1362671,-1086.06,-47.22,23,-70.44999999999993,-1.8064102564102547,39.0,1,1100.0,1.0,-70.44999999999999,22783
1362672,-226.57,-13.32764705882353,17,0.0,0.0,0.0,1,226.57,0.0,0.0,16319
1362675,-671.04,-22.368,30,73.89,3.5185714285714287,21.0,1,758.12,1.0,73.88999999999999,10608
1362680,-991.2300000000001,-43.09695652173914,23,0.0,0.0,0.0,1,1000.0,0.0,0.0,8282
1362683,-2301.7800000000007,-16.324680851063835,141,0.0,0.0,0.0,1,2462.41,0.0,0.0,44288
1362685,-1150.1699999999998,-28.052926829268287,41,1400.03,56.0012,25.0,1,1208.1,1.0,1400.0300000000002,34080
1362686,-98.58999999999999,-5.188947368421052,19,15.069999999999993,0.6027999999999998,25.0,1,99.9,1.0,15.069999999999993,19019
1362687,-481.97,-12.358205128205128,39,544.6500000000001,18.155000000000005,30.0,1,481.97,1.0,544.6500000000001,7431
1362690,-958.91,-22.831190476190475,42,-147.92,-8.217777777777776,18.0,1,1113.91,0.0,-147.92,24131
1362693,-948.8,-45.18095238095238,21,-156.89999999999998,-6.537499999999999,24.0,1,1000.0,1.0,-156.9,2620
1362694,-126.60999999999984,-2.110166666666664,60,0.0,0.0,0.0,1,204.06999999999994,0.0,0.0,29838
1362698,31.70000000000006,0.7372093023255828,43,2610.34,63.66682926829269,41.0,1,347.1399999999999,0.0,2610.34,49623
1362699,-477.18999999999994,-9.356666666666666,51,0.0,0.0,0.0,1,526.0600000000001,0.0,0.0,23476
1362700,286.83000000000004,9.252580645161292,31,4.68,0.38999999999999996,12.0,1,-262.38,1.0,4.680000000000007,6195
1362703,391.4799999999996,6.86807017543859,57,0.23999999999997357,0.0066666666666659324,36.0,1,-290.04999999999995,1.0,-0.02999999999974534,26886
1362705,-413.1100000000002,-7.794528301886796,53,1194.04,37.31375,32.0,1,413.11,1.0,1194.04,27635
1362708,-594.68,-16.51888888888889,36,-1185.37,-29.634249999999998,40.0,1,724.36,1.0,-1185.7300000000005,15246
1362709,-226.05999999999997,-4.110181818181817,55,783.0500000000001,19.57625,40.0,1,229.81,1.0,783.0500000000001,5981
1362714,-279.5300000000001,-4.658833333333335,60,0.0,0.0,0.0,1,282.0,0.0,0.0,14458
1362715,-476.1399999999999,-8.657090909090908,55,84.95000000000002,3.6934782608695658,23.0,1,514.23,1.0,84.94999999999999,17750
1362717,-999.45,-43.45434782608696,23,2.7600000000000002,0.23,12.0,1,1000.0,1.0,2.759999999999991,0
1362718,1964.91,163.7425,12,56.62,4.718333333333333,12.0,1,-1849.53,1.0,56.62000000000012,50980
1362720,-999.9999999999998,-23.809523809523803,42,844.9,21.1225,40.0,1,1000.0,1.0,843.9099999999999,18806
1362721,-991.9599999999999,-30.05939393939394,33,-119.11000000000003,-4.4114814814814824,27.0,1,1000.0,1.0,-119.11000000000001,7777
1362722,-1411.4899999999998,-40.328285714285705,35,3.87,0.3225,12.0,1,1469.22,1.0,3.8700000000000045,44196
1362725,-1899.5899999999997,-46.331463414634136,41,-1207.9199999999998,-54.90545454545454,22.0,1,1939.63,1.0,-1207.9199999999983,68933
1362726,971.21,22.072954545454547,44,0.0,0.0,0.0,1,-917.5500000000001,0.0,0.0,14141
1362727,3968.22,152.62384615384616,26,135.88,11.323333333333332,12.0,0,-3673.82,1.0,135.88000000000102,81509
1362730,-2953.77,-98.459,30,0.0,0.0,0.0,1,3000.0,0.0,0.0,12988
1362735,-3000.0,-100.0,30,170.92000000000002,5.697333333333334,30.0,1,3000.0,1.0,170.92000000000002,16986
1362736,546.1600000000001,16.06352941176471,34,32.42,2.7016666666666667,12.0,1,-534.01,1.0,32.42000000000007,20358
1362737,-6600.0,-95.65217391304348,69,0.0,0.0,0.0,1,6600.0,0.0,0.0,43710
1362740,521.9099999999999,10.233529411764703,51,1.05,0.15,7.0,1,-441.9499999999998,0.0,1.0500000000000114,2715
1362742,2567.88,122.28,21,721.45,34.35476190476191,21.0,1,-2524.82,1.0,720.8199999999999,18785
1362743,-2985.44,-51.473103448275864,58,680.64,28.36,24.0,1,3000.0,1.0,680.0100000000002,11946
1362744,-349.15,-4.5344155844155845,77,1669.6799999999998,34.075102040816326,49.0,1,353.78,1.0,1669.68,3618
1362746,90.99000000000004,1.3998461538461544,65,683.85,20.722727272727273,33.0,1,-37.1099999999999,1.0,683.8499999999999,8810
1362749,-1293.98,-27.53148936170213,47,-11.09999999999998,-0.6937499999999988,16.0,1,1608.99,0.0,-11.099999999999994,17412
1362752,2406.65,160.44333333333333,15,9.07,0.7558333333333334,12.0,0,-2302.14,1.0,9.07000000000005,47668
1362753,-450.51000000000005,-9.793695652173914,46,0.0,0.0,0.0,1,795.54,0.0,0.0,13352
1362754,75.20999999999998,4.700624999999999,16,-59.71999999999997,-2.8438095238095222,21.0,1,-74.35,1.0,-59.72000000000003,12158
1362759,503.4599999999996,9.153818181818174,55,-135.36999999999978,-3.3842499999999944,40.0,1,-484.8699999999999,1.0,-135.37,27258
1362761,799.87,114.26714285714286,7,-284.79,-11.86625,24.0,1,-780.93,1.0,-284.87999999999994,13515
1362763,-160.0000000000001,-5.3333333333333375,30,0.0,0.0,0.0,1,160.0,0.0,0.0,21198
1362765,-83.53999999999994,-1.1766197183098583,71,1210.11,48.404399999999995,25.0,1,96.25999999999999,0.0,1210.11,2769
1362766,5630.96,119.80765957446809,47,11079.94,201.45345454545455,55.0,0,-4979.67,1.0,11079.849999999999,102286
1362767,-252.3,-5.484782608695652,46,821.67,31.602692307692305,26.0,1,290.54,1.0,821.6700000000001,0
1362769,-553.09,-13.168809523809525,42,0.0,0.0,0.0,1,553.09,0.0,0.0,27885
1362770,4017.96,81.99918367346939,49,0.0,0.0,0.0,0,-3625.16,0.0,0.0,76891
1362771,35.06999999999988,0.4554545454545439,77,2146.41,53.66025,40.0,1,72.46000000000004,1.0,2146.41,24344
1362775,-119.14999999999998,-3.61060606060606,33,0.0,0.0,0.0,1,163.19,0.0,0.0,12072
1362777,-1868.8700000000001,-13.641386861313869,137,-297.64000000000004,-5.411636363636364,55.0,1,1868.87,1.0,-297.64000000000004,21746
1362782,-859.9099999999999,-17.549183673469386,49,117.28,5.584761904761905,21.0,1,919.24,1.0,117.28,29579
1362784,106.02000000000032,2.304782608695659,46,0.0,0.0,0.0,1,208.96000000000004,0.0,0.0,55678
1362791,2994.4000000000005,55.45185185185186,54,333.95999999999987,8.348999999999997,40.0,1,-2958.31,1.0,333.96000000000004,7914
1362793,334.46999999999997,12.864230769230769,26,-561.5799999999999,-21.599230769230765,26.0,1,-307.34999999999997,1.0,-561.76,29120
1362797,26.349999999999937,1.1977272727272699,22,0.0,0.0,0.0,1,-11.069999999999993,0.0,0.0,17912
1362801,365.14,16.597272727272728,22,0.0,0.0,0.0,1,-348.57,0.0,0.0,12485
1362804,8373.25,167.465,50,5.759999999999989,0.27428571428571374,21.0,1,-8269.56,1.0,5.220000000000027,68039
1362805,-13.139999999999986,-0.24333333333333307,54,108.22999999999985,2.705749999999996,40.0,1,17.120000000000005,1.0,108.05000000000001,4626
1362806,-1273.03,-18.449710144927536,69,-1145.6399999999999,-28.641,40.0,1,1327.18,1.0,-1145.64,39382
1362808,-1600.0,-123.07692307692308,13,0.0,0.0,0.0,1,1600.0,0.0,0.0,31387
1362809,2536.72,422.78666666666663,6,4.08,0.34,12.0,1,-2481.47,1.0,4.079999999999984,25180
1362810,2209.19,46.024791666666665,48,548.27,22.844583333333333,24.0,1,-2152.3300000000004,1.0,547.91,0
1362811,-871.13,-12.625072463768117,69,0.0,0.0,0.0,1,890.77,0.0,0.0,8011
1362814,-961.6400000000001,-50.61263157894737,19,0.0,0.0,0.0,1,1000.0,0.0,0.0,0
1362815,-997.88,-49.894,20,-245.34999999999997,-9.43653846153846,26.0,1,1000.0,1.0,-245.35000000000002,0
1362816,-1709.2900000000002,-16.125377358490567,106,0.0,0.0,0.0,1,1817.48,0.0,0.0,11918
1362817,-666.72,-18.52,36,611.1700000000001,20.372333333333337,30.0,1,793.34,1.0,611.17,8259
1362820,502.0900000000004,9.128909090909097,55,0.0,0.0,0.0,1,220.34000000000015,0.0,0.0,129196
1362821,994.49,142.07,7,0.0,0.0,0.0,1,-967.86,0.0,0.0,7826
1362822,-1000.0,-33.333333333333336,30,362.50000000000006,6.712962962962964,54.0,1,1000.0,1.0,362.49999999999994,13750
1362823,2194.07,146.27133333333333,15,64.07,3.0509523809523804,21.0,0,-2096.1,1.0,63.70999999999998,43381
1362824,9992.960000000001,208.1866666666667,48,0.0,0.0,0.0,1,-9633.49,0.0,0.0,69432
1362825,121.41000000000001,3.6790909090909096,33,-124.44999999999997,-3.456944444444444,36.0,1,31.779999999999973,1.0,-124.44999999999999,10234
1362828,-692.1,-23.07,30,0.0,0.0,0.0,1,815.65,0.0,0.0,3994
1362829,-1878.4500000000003,-49.432894736842115,38,1840.65,59.37580645161291,31.0,1,2033.41,1.0,1840.6499999999999,49553
1362830,623.6099999999999,16.85432432432432,37,-202.20000000000002,-10.110000000000001,20.0,1,-552.1999999999999,1.0,-202.2,10933
1362831,116.83000000000015,3.540303030303035,33,0.0,0.0,0.0,1,718.8699999999999,0.0,0.0,111004
1362832,-8500.0,-293.1034482758621,29,0.0,0.0,0.0,1,8500.0,0.0,0.0,56597
1362835,175.54000000000002,8.35904761904762,21,30.66,2.555,12.0,1,-158.41,1.0,30.660000000000082,9099
1362836,-814.4100000000001,-19.86365853658537,41,771.43,17.142888888888887,45.0,1,944.1,0.0,771.4300000000001,5920
1362837,-1078.96,-67.435,16,376.58000000000015,15.063200000000005,25.0,1,1100.0,1.0,375.86,22322
1362839,64.39000000000027,0.6707291666666695,96,-964.49,-20.093541666666667,48.0,1,142.73999999999978,1.0,-966.2899999999995,43315
1362844,-94.75000000000011,-1.5791666666666686,60,1350.66,37.51833333333334,36.0,1,163.64,1.0,1350.66,0
1362845,3840.03,103.7845945945946,37,0.0,0.0,0.0,0,-3671.23,0.0,0.0,73785
1362849,556.48,7.5200000000000005,74,0.0,0.0,0.0,1,-541.5899999999999,0.0,0.0,22001
1362850,229.39000000000004,10.923333333333336,21,1.7999999999999998,0.15,12.0,1,-207.21,1.0,1.7999999999999972,8961
1362852,183.27000000000007,7.330800000000003,25,0.0,0.0,0.0,1,76.72000000000003,0.0,0.0,33706
1362853,-1051.13,-42.0452,25,107.22000000000003,5.105714285714287,21.0,1,1073.95,1.0,106.59000000000003,26505
1362857,-301.38000000000005,-5.381785714285715,56,-462.7700000000001,-19.282083333333336,24.0,1,343.89,1.0,-462.77,8088
1362858,-708.2000000000004,-8.532530120481931,83,-966.5,-24.1625,40.0,1,708.2,1.0,-968.57,60242
1362868,-257.4300000000002,-4.950576923076927,52,0.0,0.0,0.0,1,308.16999999999996,0.0,0.0,14877
1362872,-642.0299999999997,-9.44161764705882,68,0.0,0.0,0.0,1,707.5899999999999,0.0,0.0,17099
1362875,190.83999999999997,5.022105263157894,38,320.75,15.273809523809524,21.0,1,189.09000000000015,1.0,320.75,8681
1362877,-14.450000000000045,-0.34404761904762016,42,317.71,9.627575757575757,33.0,1,15.36,1.0,317.71000000000004,9480
1362881,57.61000000000007,0.8001388888888898,72,-240.52,-10.021666666666667,24.0,1,-50.69999999999999,1.0,-240.51999999999998,12690
1362882,2118.56,176.54666666666665,12,0.0,0.0,0.0,1,-2025.4,0.0,0.0,44071
1362883,-954.19,-16.451551724137932,58,-552.53,-21.251153846153844,26.0,1,983.06,1.0,-552.53,12403
1362888,5381.129999999999,49.368165137614675,109,0.0,0.0,0.0,1,-4939.79,0.0,0.0,56266
1362894,-318.25,-9.360294117647058,34,-1652.98,-59.035000000000004,28.0,0,339.3800000000001,1.0,-1652.98,59542
1362895,-1287.3700000000001,-47.680370370370376,27,-73.70999999999994,-2.6324999999999976,28.0,1,1300.0,1.0,-73.71000000000001,26387
1362902,-69.67000000000007,-1.0398507462686577,67,1370.3500000000001,52.705769230769235,26.0,1,73.52000000000004,1.0,1369.81,18760
1362903,293.5,8.893939393939394,33,387.41999999999996,14.90076923076923,26.0,1,-59.940000000000055,1.0,387.4200000000001,29570
1362904,841.74,17.53625,48,3.0,0.25,12.0,1,-766.0,1.0,3.0,18891
1362905,-49.07000000000001,-2.4535000000000005,20,167.23,7.2708695652173905,23.0,1,178.54999999999995,1.0,166.69000000000005,11613
1362909,4151.93,345.9941666666667,12,17.099999999999998,1.4249999999999998,12.0,1,-3946.1299999999997,1.0,17.100000000000136,98566
1362911,1507.4499999999998,29.5578431372549,51,0.0,0.0,0.0,0,-1261.22,0.0,0.0,43737
1362912,23.68000000000003,0.6577777777777787,36,0.0,0.0,0.0,1,200.99,0.0,0.0,29064
1362917,-6800.0,-261.53846153846155,26,0.0,0.0,0.0,1,6800.0,0.0,0.0,45464
1362918,-533.6999999999999,-12.707142857142856,42,-47.97000000000003,-1.9987500000000011,24.0,1,654.5,1.0,-47.97000000000003,17174
1362921,2263.7000000000003,107.7952380952381,21,0.0,0.0,0.0,1,-2191.52,0.0,0.0,19987
1362924,-997.74,-41.5725,24,157.62,13.135,12.0,1,1000.0,1.0,156.09000000000015,4804
1362925,-293.16999999999996,-6.107708333333332,48,1179.6699999999998,32.768611111111106,36.0,1,337.34999999999997,1.0,1178.1399999999999,15077
1362926,10.749999999999943,0.22395833333333215,48,1099.06,35.453548387096774,31.0,1,53.27999999999997,1.0,1099.06,6479
1362928,366.27999999999986,4.578499999999998,80,0.0,0.0,0.0,1,-352.90999999999997,0.0,0.0,20691
1362929,-4032.97,-112.02694444444444,36,306.5599999999998,9.289696969696962,33.0,1,4200.0,1.0,306.55999999999995,83295
1362930,1029.53,343.1766666666667,3,596.02,27.09181818181818,22.0,1,-1013.46,1.0,596.02,0
1362933,-43.660000000000025,-1.0648780487804883,41,-251.49,-11.975714285714286,21.0,1,131.81000000000006,1.0,-251.49,19823
1362936,-228.19000000000003,-9.921304347826089,23,47.27999999999997,1.8911999999999989,25.0,1,244.47,1.0,45.57000000000005,8575
1362937,1900.82,47.5205,40,0.0,0.0,0.0,0,-1671.88,0.0,0.0,46461
1362938,1014.7399999999997,15.855312499999995,64,0.0,0.0,0.0,1,-965.3399999999999,0.0,0.0,0
1362939,4776.450000000001,69.22391304347828,69,-462.2199999999999,-11.555499999999999,40.0,1,-4712.92,1.0,-463.29999999999995,47267
1362940,32.98000000000002,1.49909090909091,22,613.79,23.607307692307693,26.0,1,-31.950000000000003,1.0,613.1600000000001,0
1362945,-179.92999999999992,-4.498249999999998,40,1236.35,61.817499999999995,20.0,1,216.76999999999998,0.0,1236.3500000000001,13901
1362947,-992.3100000000001,-82.69250000000001,12,0.0,0.0,0.0,1,1000.0,0.0,0.0,8048
1362948,647.9199999999998,13.785531914893614,47,0.0,0.0,0.0,1,-580.05,0.0,0.0,28864
1362949,-708.8,-15.75111111111111,45,286.70000000000005,7.544736842105264,38.0,1,1017.26,1.0,286.61,0
1362950,-160.32,-10.687999999999999,15,886.96,42.23619047619048,21.0,1,162.95,1.0,886.96,11935
1362952,2361.6899999999996,53.67477272727272,44,0.8699999999999999,0.29,3.0,1,-2256.03,0.0,0.8700000000000045,7633
1362954,-1226.1199999999994,-27.866363636363623,44,0.0,0.0,0.0,1,1226.12,0.0,0.0,43317
1362959,3657.1000000000004,96.23947368421054,38,0.0,0.0,0.0,0,-3074.22,0.0,0.0,77727
1362960,-1609.9500000000003,-40.24875000000001,40,50.11999999999989,1.5187878787878755,33.0,1,2648.63,1.0,50.1200000000008,57642
1362961,-520.24,-9.45890909090909,55,0.0,0.0,0.0,1,526.9,0.0,0.0,5505
1362962,-564.1599999999999,-8.059428571428569,70,0.0,0.0,0.0,1,564.79,0.0,0.0,2858
1362964,-921.73,-28.8040625,32,0.8999999999999999,0.15,6.0,1,1000.0,0.0,0.9000000000000057,5779
1362966,1654.81,21.49103896103896,77,-50.36000000000003,-2.014400000000001,25.0,1,-1514.3000000000002,1.0,-50.360000000000014,11041
1362969,-923.5600000000002,-18.848163265306127,49,4729.25,98.52604166666667,48.0,1,1241.5100000000002,1.0,4729.25,75121
1362971,-1451.77,-48.39233333333333,30,0.0,0.0,0.0,1,1600.0,0.0,0.0,31040
1362972,1358.3299999999997,56.59708333333332,24,187.00999999999988,7.792083333333328,24.0,1,-1125.92,1.0,187.01000000000005,59047
1362973,-709.1299999999999,-14.472040816326528,49,296.38,11.8552,25.0,1,734.81,1.0,296.3800000000001,17242
1362974,557.88,21.456923076923076,26,0.0,0.0,0.0,1,-530.33,0.0,0.0,12436
1362975,83.22999999999993,2.6848387096774173,31,0.0,0.0,0.0,1,-30.600000000000023,0.0,0.0,36330
1362978,763.6699999999998,6.818482142857142,112,-209.25,-5.23125,40.0,1,-730.8400000000001,1.0,-209.25,33060
1362980,-403.3999999999998,-7.470370370370367,54,78.32,1.9579999999999997,40.0,1,404.92,1.0,78.32,8201
1362985,-1000.0,-16.949152542372882,59,1177.4799999999998,32.70777777777777,36.0,1,1000.0,1.0,1176.94,11485
1362986,-1917.54,-91.31142857142856,21,-726.32,-30.263333333333335,24.0,1,1932.1,1.0,-727.04,41650
1362990,-599.46,-7.685384615384616,78,952.17,20.258936170212767,47.0,1,667.98,1.0,952.17,0
1362991,-661.27,-10.33234375,64,215.25000000000003,8.968750000000002,24.0,1,700.6099999999999,1.0,215.16,21657
1362995,1975.5700000000002,45.94348837209303,43,2504.9100000000003,49.115882352941185,51.0,0,-1638.8999999999999,1.0,2504.91,45195
1362997,343.97,9.554722222222223,36,3.0,0.25,12.0,1,-333.36,1.0,3.0,0
1362999,1136.8099999999997,13.533452380952378,84,0.0,0.0,0.0,1,-984.73,0.0,0.0,29403
1363002,-594.4800000000007,-3.835354838709682,155,0.0,0.0,0.0,1,857.25,0.0,0.0,40795
1363004,-468.5400000000001,-12.663243243243246,37,2.52,0.21,12.0,1,469.05,1.0,2.5200000000000102,19319
1363006,-1617.39,-57.76392857142857,28,3.65,0.30416666666666664,12.0,1,1628.72,1.0,3.6500000000000057,4366
1363008,1958.62,63.181290322580644,31,276.39,23.0325,12.0,0,-1890.34,1.0,275.7600000000002,35117
1363010,-588.02,-13.364090909090908,44,657.32,29.87818181818182,22.0,1,619.39,1.0,657.05,4424
1363011,3737.0700000000006,66.73339285714287,56,-83.33000000000015,-2.1366666666666707,39.0,0,-3468.29,1.0,-83.33000000000015,90248
1363013,-76.53000000000003,-0.8409890109890114,91,0.0,0.0,0.0,1,155.89999999999998,0.0,0.0,4435
1363016,85.6599999999998,1.2414492753623159,69,0.0,0.0,0.0,1,4.0,0.0,0.0,41317
1363017,-956.1000000000001,-15.17619047619048,63,890.33,37.09708333333334,24.0,1,1000.0,0.0,890.3299999999999,0
1363018,-632.6200000000001,-11.715185185185188,54,-2405.19,-50.108125,48.0,1,890.5799999999999,1.0,-2406.2700000000004,46884
1363022,-564.47,-16.60205882352941,34,2.04,0.17,12.0,1,604.65,1.0,2.039999999999992,26364
1363026,-803.5899999999999,-12.961129032258063,62,0.0,0.0,0.0,1,1078.18,0.0,0.0,49435
1363036,-1160.5700000000002,-23.211400000000005,50,0.0,0.0,0.0,1,1200.0,0.0,0.0,24326
1363037,-1000.0,-100.0,10,1744.51,69.7804,25.0,1,1000.0,1.0,1744.51,8257
1363038,-1741.27,-72.55291666666666,24,174.90999999999994,5.300303030303028,33.0,1,1800.0,1.0,174.73000000000002,36605
1363040,-1816.85,-100.9361111111111,18,-421.8299999999999,-16.224230769230765,26.0,1,1900.0,1.0,-421.83000000000004,38803
1363043,-462.4100000000001,-7.006212121212123,66,856.62,23.795,36.0,1,528.78,1.0,856.6200000000001,20840
1363044,-370.6599999999998,-7.8863829787234,47,0.0,0.0,0.0,1,372.78000000000003,0.0,0.0,15895
1363053,-918.0899999999999,-51.004999999999995,18,0.0,0.0,0.0,1,918.09,0.0,0.0,55061
1363054,3.78999999999985,0.06649122807017281,57,0.0,0.0,0.0,1,41.59999999999991,0.0,0.0,9738
1363056,-513.68,-15.108235294117646,34,0.0,0.0,0.0,1,517.9499999999999,0.0,0.0,2442
1363057,150.36000000000004,2.7844444444444454,54,-925.3700000000001,-29.850645161290327,31.0,1,-71.96000000000004,1.0,-926.6299999999999,6493
1363059,-1113.8,-37.126666666666665,30,0.0,0.0,0.0,1,1200.0,0.0,0.0,24744
1363060,59.86000000000004,2.1378571428571442,28,765.8900000000002,36.47095238095239,21.0,1,294.27999999999975,1.0,765.8900000000001,48479
1363068,2386.5599999999995,51.881739130434774,46,0.0,0.0,0.0,0,-2123.15,0.0,0.0,57612
1363070,-364.6199999999999,-9.115499999999997,40,31.21,2.6008333333333336,12.0,1,383.64000000000004,1.0,24.909999999999968,5808
1363071,-261.67999999999995,-5.947272727272726,44,-1083.28,-40.12148148148148,27.0,1,298.42,0.0,-1083.2800000000002,1565
1363075,-325.4599999999999,-5.917454545454544,55,0.0,0.0,0.0,1,353.24,0.0,0.0,12560
1363076,6227.09,155.67725000000002,40,0.0,0.0,0.0,1,-6071.639999999999,0.0,0.0,47083
1363078,1314.0699999999997,26.281399999999994,50,469.38000000000005,18.053076923076926,26.0,1,-1238.14,1.0,468.57,9622
1363081,1786.5900000000001,89.32950000000001,20,441.73,21.034761904761904,21.0,0,-1608.1200000000001,1.0,441.73,41876
1363082,-54.21000000000004,-1.7487096774193562,31,0.0,0.0,0.0,1,88.36000000000001,0.0,0.0,36464
1363083,-921.27,-20.937954545454545,44,496.2499999999999,16.00806451612903,31.0,1,969.94,1.0,495.7999999999993,22680
1363084,-1678.92,-104.9325,16,0.0,0.0,0.0,1,1700.0,0.0,0.0,34791
1363086,2337.44,75.40129032258065,31,1004.2399999999999,43.66260869565217,23.0,1,-2271.0499999999997,1.0,1004.24,0
1363087,-810.43,-25.3259375,32,0.0,0.0,0.0,1,908.71,0.0,0.0,3400
1363088,-547.55,-10.139814814814814,54,995.63,30.17060606060606,33.0,1,550.22,1.0,995.6299999999999,28975
1363093,-623.08,-19.47125,32,-187.48999999999995,-6.696071428571427,28.0,1,745.62,0.0,-187.49,1039
1363096,395.46999999999997,79.094,5,0.0,0.0,0.0,1,-388.35,0.0,0.0,12072
1363097,-168.1199999999999,-3.1133333333333315,54,-173.16,-10.185882352941176,17.0,1,227.85000000000002,1.0,-173.16,21663
1363101,-2022.45,-44.943333333333335,45,86.56,5.41,16.0,1,2054.32,1.0,86.55999999999949,52903
1363102,-1000.0,-58.8235294117647,17,0.0,0.0,0.0,1,1000.0,0.0,0.0,18183
1363103,1649.61,49.988181818181815,33,0.0,0.0,0.0,0,-1494.51,0.0,0.0,44307
1363107,394.90000000000003,17.950000000000003,22,0.0,0.0,0.0,1,-389.36,0.0,0.0,20184
1363108,728.35,16.553409090909092,44,140.04000000000002,6.365454545454546,22.0,1,-690.6499999999999,1.0,140.04,27814
1363112,884.69,98.2988888888889,9,0.0,0.0,0.0,1,-852.02,0.0,0.0,13295
1363113,-660.3999999999999,-38.8470588235294,17,41.7,3.475,12.0,1,660.4,1.0,36.66000000000008,30163
1363117,570.2000000000003,11.879166666666672,48,4.4399999999999995,0.36999999999999994,12.0,1,-455.4200000000001,1.0,4.439999999999998,38736
1363123,-629.7900000000002,-19.680937500000006,32,0.0,0.0,0.0,1,1033.12,0.0,0.0,56384
1363126,-2717.7700000000004,-66.28707317073172,41,2187.65,68.3640625,32.0,1,2900.0,1.0,2187.29,58749
1363127,531.52,37.965714285714284,14,1.7999999999999998,0.15,12.0,1,-519.8899999999999,1.0,1.8000000000000114,0
1363128,-139.99999999999994,-5.185185185185183,27,32.9,2.7416666666666667,12.0,1,140.0,1.0,32.90000000000009,4187
1363129,-319.97999999999996,-14.544545454545453,22,0.0,0.0,0.0,1,335.42,0.0,0.0,10430
1363130,965.16,12.534545454545453,77,-53.84,-1.7367741935483871,31.0,1,-950.6400000000001,1.0,-53.84,16238
1363133,1675.89,1675.89,1,908.63,43.268095238095235,21.0,1,-1656.7,1.0,908.6299999999999,12823
1363135,2963.21,95.58741935483872,31,6.7,1.34,5.0,1,-2892.2,0.0,6.7000000000000455,18350
1363138,-766.62,-15.031764705882352,51,1025.15,46.597727272727276,22.0,1,821.95,1.0,1025.15,13137
1363140,-568.18,-18.328387096774193,31,789.9899999999999,30.384230769230765,26.0,1,684.76,1.0,789.99,20684
1363142,-1887.01,-36.28865384615385,52,6.01,0.5008333333333334,12.0,1,1953.78,1.0,6.009999999999991,40671
1363146,2814.61,2814.61,1,0.0,0.0,0.0,1,-2782.38,0.0,0.0,8381
1363147,-55.27000000000012,-1.1514583333333357,48,-1025.63,-28.489722222222227,36.0,1,57.32000000000002,1.0,-1025.63,20870
1363158,282.41,23.534166666666668,12,1143.7400000000002,51.98818181818183,22.0,1,-242.57,1.0,1143.74,13148
1363159,961.8399999999999,192.368,5,0.0,0.0,0.0,0,-949.72,0.0,0.0,11029
1363160,380.0299999999999,5.588676470588234,68,9.500000000000103,0.19791666666666882,48.0,1,-370.77000000000004,1.0,9.5,18548
1363164,-655.54,-7.994390243902439,82,88.86000000000004,2.4016216216216226,37.0,1,723.39,1.0,88.86000000000001,24300
1363165,-137.64999999999998,-2.1176923076923075,65,-216.59000000000003,-9.845,22.0,1,168.13,1.0,-216.59000000000003,15301
1363169,1749.6,1749.6,1,2.2800000000000002,0.19000000000000003,12.0,1,-1729.57,1.0,2.280000000000001,13113
1363170,191.5499999999999,3.4827272727272707,55,0.0,0.0,0.0,1,-143.08000000000004,0.0,0.0,0
1363171,-134.64999999999992,-3.4525641025641005,39,0.0,0.0,0.0,1,403.29999999999995,0.0,0.0,36873
1363173,-868.01,-21.70025,40,-601.2600000000001,-28.631428571428575,21.0,1,1054.06,0.0,-601.26,27649
1363175,1052.36,11.958636363636362,88,0.0,0.0,0.0,1,-1030.7499999999998,0.0,0.0,0
1363182,-4811.71,-92.53288461538462,52,-2382.2599999999998,-91.6253846153846,26.0,1,5100.0,1.0,-2382.7999999999997,101177
1363184,-998.96,-39.958400000000005,25,0.0,0.0,0.0,1,1000.0,0.0,0.0,19840
1363185,-991.6800000000001,-55.093333333333334,18,0.0,0.0,0.0,1,1000.0,0.0,0.0,7353
1363187,-485.1600000000001,-16.172000000000004,30,5.0,0.4166666666666667,12.0,1,801.49,1.0,5.0,46712
1363192,-527.42,-15.069142857142856,35,0.0,0.0,0.0,1,660.28,0.0,0.0,10151
1363193,167.06000000000012,4.283589743589746,39,315.80999999999995,12.632399999999997,25.0,1,-95.46000000000004,1.0,315.81000000000006,30989
1363194,3079.37,181.13941176470587,17,245.17000000000002,18.85923076923077,13.0,0,-2994.4,0.0,245.17000000000002,24275
1363195,-1000.0,-52.63157894736842,19,473.21000000000004,21.509545454545457,22.0,1,1000.0,1.0,473.21,0
1363196,-291.91000000000065,-3.0093814432989756,97,0.0,0.0,0.0,1,379.6500000000001,0.0,0.0,35502
1363197,-489.31000000000006,-9.786200000000001,50,246.29000000000005,11.728095238095241,21.0,1,512.1600000000001,1.0,246.29,19088
1363199,2067.81,98.46714285714286,21,132.94000000000005,6.330476190476193,21.0,1,-2008.09,1.0,132.94,0
1363200,-238.84000000000003,-5.081702127659575,47,1242.76,40.08903225806451,31.0,1,254.56,1.0,1242.76,21015
1363201,-1000.0,-58.8235294117647,17,-25.699999999999992,-1.1173913043478259,23.0,1,1000.0,1.0,-25.69999999999999,8038
1363204,-1175.35,-34.56911764705882,34,0.0,0.0,0.0,1,1200.0,0.0,0.0,23294
1363205,2223.97,85.53730769230768,26,1122.65,44.906000000000006,25.0,1,-2141.79,0.0,1121.03,0
1363206,-5490.45,-189.3258620689655,29,0.0,0.0,0.0,1,5490.45,0.0,0.0,42031
1363207,179.11000000000016,2.26721518987342,79,0.0,0.0,0.0,1,-109.66999999999996,0.0,0.0,10919
1363209,168.09000000000006,5.422258064516131,31,1549.3899999999999,46.951212121212116,33.0,1,76.38000000000011,0.0,1549.21,32739
1363210,-843.7300000000001,-20.088809523809527,42,-59.99000000000001,-2.726818181818182,22.0,1,889.68,1.0,-59.99,19891
1363211,1803.2,53.03529411764706,34,0.0,0.0,0.0,0,-1611.94,0.0,0.0,44472
1363212,-789.0400000000001,-19.24487804878049,41,0.0,0.0,0.0,1,1114.29,0.0,0.0,9050
1363213,-981.1300000000001,-25.819210526315793,38,4.32,0.36000000000000004,12.0,1,1046.11,1.0,4.32000000000005,38010
1363215,7373.52,184.33800000000002,40,1765.95,67.92115384615384,26.0,1,-6984.009999999999,1.0,1765.9499999999998,57723
1363216,-432.37,-10.055116279069768,43,-30.980000000000118,-0.774500000000003,40.0,1,571.29,1.0,-30.980000000000004,13241
1363217,-273.1899999999997,-3.502435897435894,78,0.0,0.0,0.0,1,373.12,0.0,0.0,15724
1363218,-388.10000000000014,-5.106578947368423,76,0.0,0.0,0.0,1,467.08000000000004,0.0,0.0,21646
1363219,-728.5799999999998,-11.208923076923075,65,0.0,0.0,0.0,1,772.53,0.0,0.0,18036
1363222,-891.09,-15.103220338983052,59,0.0,0.0,0.0,1,892.6,0.0,0.0,5456
1363223,122.40999999999995,3.060249999999999,40,117.55,5.597619047619047,21.0,1,-71.25999999999999,1.0,117.46000000000004,24368
1363227,-588.15,-16.3375,36,0.0,0.0,0.0,1,588.15,0.0,0.0,14959
1363229,-102.54999999999993,-1.7091666666666654,60,-5.889999999999986,-0.21814814814814765,27.0,1,153.68000000000006,1.0,-5.889999999999986,7701
1363232,-981.09,-35.03892857142857,28,0.0,0.0,0.0,1,1000.0,0.0,0.0,9614
1363234,-3000.0,-71.42857142857143,42,778.45,32.43541666666667,24.0,1,3000.0,1.0,778.45,12202
1363236,4485.17,40.40693693693694,111,778.98,14.697735849056604,53.0,1,-4367.43,1.0,778.98,23206
1363237,8735.14,8735.14,1,11.25,0.9375,12.0,0,-8649.37,1.0,11.25,57224
1363241,-1015.0299999999999,-14.50042857142857,70,1376.8500000000001,29.294680851063834,47.0,1,1064.85,1.0,1376.31,30217
1363243,930.29,16.914363636363635,55,450.83,26.519411764705882,17.0,1,-915.8399999999999,0.0,449.48,16579
1363247,-2665.11,-42.303333333333335,63,60.89999999999996,1.5615384615384607,39.0,1,2894.7,1.0,60.89999999999998,19686
1363249,-80.13999999999999,-0.6117557251908395,131,0.0,0.0,0.0,1,466.28999999999996,0.0,0.0,61885
1363252,-78.40000000000002,-2.4500000000000006,32,2.72,0.22666666666666668,12.0,1,223.74,1.0,2.719999999999999,0
1363253,-238.7800000000001,-4.505283018867926,53,460.03,19.167916666666667,24.0,1,311.6099999999999,0.0,459.76,39291
1363254,1023.4700000000001,19.310754716981133,53,17.58,2.511428571428571,7.0,1,-1008.8299999999999,0.0,17.579999999999927,13317
1363257,-2149.68,-32.08477611940298,67,936.8199999999999,18.01576923076923,52.0,1,2275.24,1.0,936.46,31910
1363259,51.679999999999886,0.9396363636363616,55,0.0,0.0,0.0,1,-46.31999999999999,0.0,0.0,7335
1363261,-831.2199999999998,-15.984999999999996,52,-386.7900000000001,-10.744166666666668,36.0,1,856.67,0.0,-386.78999999999996,19494
1363263,-1218.9399999999998,-16.038684210526313,76,0.0,0.0,0.0,1,1218.94,0.0,0.0,13269
1363264,-947.5799999999999,-10.080638297872339,94,-1725.93,-43.148250000000004,40.0,1,948.31,1.0,-1725.9299999999998,0
1363265,-133.12000000000012,-2.6624000000000025,50,706.97,30.737826086956524,23.0,1,133.12,1.0,706.97,24843
1363266,-994.65,-19.50294117647059,51,0.0,0.0,0.0,1,994.65,0.0,0.0,20889
1363267,-1246.6299999999999,-25.44142857142857,49,864.1799999999998,34.56719999999999,25.0,1,1271.39,1.0,858.6000000000001,84184
1363268,350.9200000000001,12.532857142857145,28,-318.55999999999995,-12.25230769230769,26.0,1,-73.47000000000003,1.0,-318.55999999999995,35508
1363271,746.1500000000002,16.95795454545455,44,394.88000000000005,11.966060606060609,33.0,1,-692.8699999999999,1.0,394.88000000000005,7467
1363272,-1008.12,-21.44936170212766,47,545.9799999999999,13.649499999999998,40.0,1,1016.12,1.0,545.9799999999999,22758
1363275,-326.76999999999987,-5.446166666666665,60,0.0,0.0,0.0,1,396.4100000000001,0.0,0.0,17773
1363280,-667.2100000000002,-9.53157142857143,70,1583.36,43.98222222222222,36.0,1,671.8299999999999,1.0,1582.9099999999999,7571
1363282,-190.06000000000006,-5.279444444444446,36,0.0,0.0,0.0,1,226.26999999999998,0.0,0.0,25829
1363283,-1012.57,-34.91620689655173,29,-163.30999999999997,-8.595263157894735,19.0,1,1100.0,1.0,-163.31,22995
1363284,-121.25,-3.277027027027027,37,-592.6000000000001,-19.11612903225807,31.0,1,132.9799999999999,1.0,-593.2300000000001,36614
1363287,-130.09,-4.0653125,32,0.0,0.0,0.0,1,272.52,0.0,0.0,18449
1363288,122.63000000000005,2.554791666666668,48,-803.8899999999999,-25.931935483870962,31.0,1,94.19000000000005,1.0,-804.9699999999999,41064
1363291,-4959.28,-84.05559322033898,59,378.96000000000004,14.575384615384618,26.0,1,5014.14,1.0,378.96000000000004,34855
1363294,-3157.9,-166.20526315789473,19,22.55,1.8791666666666667,12.0,1,3157.9,1.0,22.549999999999955,29536
1363295,123.84000000000003,3.870000000000001,32,91.51999999999998,3.8133333333333326,24.0,1,30.090000000000032,1.0,91.52000000000001,4391
1363296,-425.29999999999984,-4.339795918367345,98,221.27999999999997,7.138064516129031,31.0,1,480.69999999999993,1.0,219.39000000000033,7302
1363297,749.2299999999999,17.027954545454545,44,0.0,0.0,0.0,1,-737.8800000000001,0.0,0.0,9351
1363302,1837.9699999999998,167.0881818181818,11,0.0,0.0,0.0,0,-1731.39,0.0,0.0,50704
1363303,-999.9999999999999,-16.39344262295082,61,0.0,0.0,0.0,1,1000.0,0.0,0.0,17875
1363306,-137.40000000000003,-3.6157894736842113,38,494.3,15.94516129032258,31.0,1,137.4,1.0,494.29999999999995,15576
1363307,1350.4799999999998,16.077142857142853,84,-38.90000000000001,-1.1787878787878792,33.0,1,-1285.2700000000002,0.0,-38.89999999999998,2684
1363308,2346.41,71.10333333333332,33,1211.1000000000001,52.65652173913044,23.0,0,-2296.41,1.0,1211.1,27155
1363311,-2700.0,-225.0,12,-337.04999999999995,-12.483333333333333,27.0,1,2700.0,1.0,-337.05,54734
1363312,-4357.82,-67.04338461538461,65,0.0,0.0,0.0,1,4400.0,0.0,0.0,29335
1363313,896.18,35.8472,25,0.0,0.0,0.0,1,-864.74,0.0,0.0,19639
1363314,2054.57,32.10265625,64,0.0,0.0,0.0,1,-2026.85,0.0,0.0,11375
1363316,-82.86999999999999,-2.959642857142857,28,311.02,14.810476190476189,21.0,1,229.66999999999996,1.0,311.0199999999999,18144
1363317,753.2199999999999,23.538124999999997,32,2.7600000000000002,0.23,12.0,1,-738.4899999999999,1.0,2.759999999999991,18176
1363321,1033.4799999999998,21.53083333333333,48,836.9100000000001,23.247500000000002,36.0,1,-943.1200000000001,1.0,836.9100000000001,33113
1363323,5448.2699999999995,143.37552631578947,38,0.0,0.0,0.0,1,-5206.469999999999,0.0,0.0,57882
1363327,-2879.59,-61.267872340425534,47,123.37999999999995,3.9799999999999986,31.0,1,3000.0,1.0,123.38,12310
1363328,-538.9300000000001,-41.45615384615385,13,1206.29,57.44238095238095,21.0,1,538.93,1.0,1206.29,18466
1363331,5427.47,135.68675000000002,40,-161.92999999999998,-5.223548387096773,31.0,1,-5309.950000000001,1.0,-162.11,31054
1363332,2097.1600000000003,95.32545454545456,22,0.0,0.0,0.0,0,-1930.9700000000003,0.0,0.0,58217
1363335,-647.01,-12.940199999999999,50,0.0,0.0,0.0,1,672.76,0.0,0.0,2807
1363342,-871.1399999999999,-10.754814814814813,81,-222.38999999999987,-4.360588235294115,51.0,1,983.61,1.0,-222.39000000000001,32700
1363344,-248.01,-4.1335,60,145.58999999999995,6.0662499999999975,24.0,1,309.96000000000004,1.0,145.58999999999997,13124
1363345,0.4000000000003183,0.008888888888895963,45,0.0,0.0,0.0,1,293.44000000000005,0.0,0.0,54713
1363348,-1500.1599999999999,-23.81206349206349,63,1194.41,25.965434782608696,46.0,1,1567.71,1.0,1194.1399999999999,36259
1363352,-173.28000000000014,-2.84065573770492,61,910.83,36.4332,25.0,1,205.54999999999995,1.0,910.8299999999999,5772
1363353,-940.3699999999999,-13.62855072463768,69,1399.11,53.81192307692307,26.0,1,1024.48,0.0,1399.1100000000001,39832
1363354,103.47,2.351590909090909,44,967.8,24.195,40.0,1,281.07000000000016,1.0,967.8000000000001,12621
1363355,2471.95,56.18068181818182,44,167.67000000000002,7.290000000000001,23.0,1,-2352.36,1.0,167.67000000000007,13087
1363356,-477.11000000000007,-8.674727272727274,55,-137.38999999999996,-4.579666666666665,30.0,1,517.85,1.0,-137.39,12258
1363361,399.05000000000007,9.280232558139536,43,-22.379999999999995,-1.4919999999999998,15.0,1,-387.09000000000003,0.0,-22.379999999999995,26008
1363364,18.549999999999898,0.24733333333333196,75,0.0,0.0,0.0,0,2.1100000000001273,0.0,0.0,15100
1363365,-2036.01,-88.52217391304347,23,0.0,0.0,0.0,1,2100.0,0.0,0.0,41261
1363370,-428.56000000000006,-10.714000000000002,40,2.2199999999999998,0.18499999999999997,12.0,1,451.88,1.0,2.219999999999999,6700
1363377,-476.49999999999983,-7.445312499999997,64,1171.96,46.8784,25.0,1,511.41,1.0,1171.15,5488
1363382,-910.9399999999999,-25.30388888888889,36,163.66000000000003,6.819166666666668,24.0,1,1000.0,1.0,163.66000000000003,13497
1363383,1095.03,13.354024390243902,82,0.0,0.0,0.0,1,-1069.93,0.0,0.0,21751
1363384,4411.77,80.21400000000001,55,2595.78,117.99000000000001,22.0,1,-4309.8,1.0,2595.78,54647
1363385,846.22,22.268947368421053,38,1215.74,39.21741935483871,31.0,1,-834.47,1.0,1215.7399999999998,2314
1363387,7.700000000000017,0.24062500000000053,32,-53.669999999999966,-1.4123684210526306,38.0,1,142.62,1.0,-53.67,4247
1363390,-1825.91,-35.8021568627451,51,487.4899999999999,11.889999999999997,41.0,1,1860.67,1.0,487.49,12973
1363392,-14.36999999999999,-0.43545454545454515,33,132.54000000000002,5.522500000000001,24.0,1,165.23000000000002,1.0,132.54000000000002,0
1363393,-999.9999999999998,-11.235955056179773,89,0.0,0.0,0.0,1,1000.0,0.0,0.0,0
1363394,-952.44,-43.29272727272728,22,31.299999999999926,1.203846153846151,26.0,1,1000.0,1.0,31.300000000000182,12722
1363395,2413.77,80.459,30,2.04,0.17,12.0,0,-2342.77,1.0,2.0400000000000205,14011
1363398,-895.1600000000001,-34.42923076923077,26,0.0,0.0,0.0,1,1000.0,0.0,0.0,13811
1363399,439.87,87.974,5,0.0,0.0,0.0,1,-428.31,0.0,0.0,1591
1363400,1290.3899999999999,15.361785714285713,84,-427.5300000000001,-8.066603773584907,53.0,1,-1106.8200000000002,1.0,-427.53,49258
1363402,103.02000000000005,2.784324324324326,37,0.0,0.0,0.0,1,80.58999999999992,0.0,0.0,24368
1363403,-1900.0,-118.75,16,425.09999999999997,20.24285714285714,21.0,1,1900.0,1.0,425.10000000000014,37364
1363408,-686.2899999999998,-22.13838709677419,31,683.02,21.344375,32.0,1,934.39,1.0,683.02,36603
1363409,830.89,20.77225,40,0.0,0.0,0.0,1,-817.12,0.0,0.0,9379
1363414,102.02000000000001,2.5505000000000004,40,419.49000000000007,19.97571428571429,21.0,1,-66.07999999999998,1.0,419.49,25869
1363420,-863.7,-22.728947368421053,38,0.0,0.0,0.0,1,885.87,0.0,0.0,22369
1363421,2143.07,35.71783333333334,60,5.8700000000000045,0.18935483870967756,31.0,1,-2013.4899999999998,1.0,5.869999999999976,1982
1363422,2067.0699999999997,71.27827586206895,29,-409.16999999999985,-19.484285714285708,21.0,0,-1752.11,0.0,-409.17,42532
1363426,997.8199999999999,24.9455,40,0.0,0.0,0.0,1,-891.1200000000001,0.0,0.0,37186
1363427,3107.4900000000002,135.1082608695652,23,0.0,0.0,0.0,0,-2555.11,0.0,0.0,83366
1363429,1238.3300000000002,95.25615384615386,13,2.52,0.21,12.0,0,-1204.2299999999998,1.0,2.5200000000000102,13058
1363433,587.48,36.7175,16,0.0,0.0,0.0,1,-579.32,0.0,0.0,6576
1363435,-64.63,-1.3464583333333333,48,0.0,0.0,0.0,1,107.63,0.0,0.0,12307
1363438,374.32000000000016,7.486400000000003,50,-59.139999999999986,-1.9077419354838705,31.0,1,-334.62,1.0,-59.14,2644
1363441,833.8600000000001,19.392093023255818,43,462.76000000000005,17.139259259259262,27.0,1,-821.8299999999999,0.0,462.76,7169
1363444,-967.95,-16.1325,60,0.0,0.0,0.0,1,1000.0,0.0,0.0,3171
1363447,-988.63,-61.789375,16,485.24000000000007,18.663076923076925,26.0,1,1000.0,1.0,485.24,17052
1363448,-1240.03,-29.52452380952381,42,903.8499999999999,22.596249999999998,40.0,1,1400.0,1.0,903.13,27239
1363449,369.31,7.536938775510204,49,0.0,0.0,0.0,1,-355.34000000000003,0.0,0.0,30265
1363454,1462.75,17.413690476190474,84,529.5,20.365384615384617,26.0,1,-1333.87,1.0,528.96,8120
1363455,-5192.9800000000005,-207.71920000000003,25,3.08,0.23692307692307693,13.0,1,5192.98,1.0,3.0800000000000125,37471
1363457,-1362.0099999999998,-22.700166666666664,60,1613.2700000000002,76.82238095238097,21.0,1,1598.2000000000003,1.0,1613.2699999999998,86744
1363458,-510.52000000000004,-12.763000000000002,40,-55.200000000000045,-1.780645161290324,31.0,1,572.9,1.0,-55.20000000000002,22025
1363459,-2999.13,-103.41827586206897,29,0.0,0.0,0.0,1,3000.0,0.0,0.0,11944
1363461,54.01999999999998,0.6837974683544301,79,0.0,0.0,0.0,1,35.02999999999997,0.0,0.0,23108
1363462,200.41,4.7716666666666665,42,1735.92,72.33,24.0,1,177.57000000000016,1.0,1735.92,9495
1363467,-188.4799999999995,-2.5470270270270206,74,0.0,0.0,0.0,1,306.1099999999999,0.0,0.0,29521
1363468,-5500.0,-134.14634146341464,41,653.29,10.536935483870968,62.0,1,5500.0,1.0,653.29,36923
1363470,-4912.97,-102.35354166666667,48,0.0,0.0,0.0,1,5000.0,0.0,0.0,18390
1363471,-3219.51,-60.745471698113214,53,1517.07,68.95772727272727,22.0,1,3229.66,1.0,1517.07,30015
1363474,-672.9300000000002,-16.823250000000005,40,-472.11,-22.481428571428573,21.0,1,702.74,1.0,-472.9200000000001,3339
1363475,2861.08,59.60583333333333,48,0.0,0.0,0.0,1,-2775.2299999999996,0.0,0.0,24815
1363482,2701.08,50.96377358490566,53,364.55000000000007,11.046969696969699,33.0,0,-2562.6499999999996,1.0,364.54999999999995,9129
1363483,25.78000000000013,0.3348051948051965,77,0.0,0.0,0.0,1,53.74000000000001,0.0,0.0,9271
1363484,471.13999999999993,12.08051282051282,39,0.0,0.0,0.0,1,-458.93,0.0,0.0,10244
1363485,3202.51,139.23956521739132,23,2.3600000000000003,0.19666666666666668,12.0,1,-3161.24,1.0,2.359999999999985,19863
1363486,0.0,0.0,38,0.0,0.0,0.0,1,0.0,0.0,0.0,39942
1363492,-1777.1399999999999,-61.28068965517241,29,164.08000000000015,6.563200000000006,25.0,1,2740.42,1.0,163.7199999999999,142274
