cust_id,income,age,years_with_bank,nbr_children,is_male,M_1_single,M_2_married,M_3_divorced,M_4_widowed
1362691,0.1541845970828792,0.1843123709844537,0.4085392190797872,0.2585907576728866,1,0,1,0,0
1362487,-0.726524210283054,1.4930703664729232,-1.0874352743153162,-0.6482979558559694,1,0,1,0,0
1363160,-0.1883658431113302,-0.2344901875718565,1.5305200891261146,-0.6482979558559694,0,1,0,0,0
1362752,1.1237979056989014,0.603114929540764,-0.3394480276177645,-0.6482979558559694,0,1,0,0,0
1362548,0.9834792960218732,0.8648665286384578,1.9045137124748903,1.165479471201743,0,0,0,0,1
1362813,-0.3174193107140948,0.5507646097212251,-0.3394480276177645,1.165479471201743,0,0,1,0,0
1363017,-1.0241492638851,-1.3861972236017095,-1.0874352743153162,-0.6482979558559694,1,1,0,0,0
1362609,-0.9372274276400816,1.9118729250292332,1.5305200891261146,-0.6482979558559694,0,0,1,0,0
1363486,0.775659955035857,-0.0774392281132402,-1.0874352743153162,3.886145611788311,0,0,0,0,1
1363078,-0.59057647573084,0.1843123709844537,0.782532842428563,0.2585907576728866,1,0,1,0,0
1363282,0.1397201546595247,-0.7056430659477055,1.5305200891261146,-0.6482979558559694,0,1,0,0,0
1363343,-1.0241492638851,-1.4385475434212485,-1.461428897664092,-0.6482979558559694,1,1,0,0,0
1362527,-0.2300919293544028,0.0796117313453761,-1.0874352743153162,-0.6482979558559694,1,0,1,0,0
1362670,-0.6241465991121458,-0.8626940254063219,0.4085392190797872,-0.6482979558559694,0,1,0,0,0
1362996,0.0280600664194232,0.4460639700821476,-1.0874352743153162,1.165479471201743,0,0,1,0,0
1362935,-1.0241492638851,-1.4385475434212485,-1.461428897664092,-0.6482979558559694,1,1,0,0,0
1363465,-0.5502923276732732,-0.0774392281132402,-1.0874352743153162,0.2585907576728866,1,0,0,0,1
1363404,-1.0241492638851,-1.333846903782171,-0.7134416509665403,-0.6482979558559694,1,1,0,0,0
1362588,-0.7378344129256147,1.2313187673752293,0.782532842428563,-0.6482979558559694,1,0,1,0,0
1363200,-0.0772014211224964,-1.2814965839626322,-0.3394480276177645,-0.6482979558559694,1,1,0,0,0
1362853,0.1701810988283336,0.3937136502626088,-1.461428897664092,0.2585907576728866,0,0,1,0,0
1362792,-0.8818479892030013,1.964223244848772,-1.461428897664092,-0.6482979558559694,1,0,1,0,0
1363322,1.991754572236768,0.8125162088189191,1.5305200891261146,-0.6482979558559694,0,0,1,0,0
1363261,-0.1457385455023165,0.1843123709844537,0.782532842428563,-0.6482979558559694,0,1,0,0,0
1363179,-0.1529482364298452,-0.0250889082937014,-0.7134416509665403,1.165479471201743,0,0,0,0,1
1363057,-0.731570993932324,1.6501213259315397,0.0345455957310113,-0.6482979558559694,0,0,1,0,0
1363444,-0.8812622018151397,-1.072095304684477,-1.0874352743153162,0.2585907576728866,0,0,1,0,0
1362649,-0.6196856028507374,-0.7579933857672444,1.1565264657773389,0.2585907576728866,0,0,1,0,0
1362567,0.3575880023757839,0.7078155691798415,0.782532842428563,0.2585907576728866,0,0,1,0,0
1363383,-0.0440368428558641,1.1266181277361518,0.0345455957310113,-0.6482979558559694,1,0,1,0,0
1363036,0.0719941205090515,0.9172168484579966,-1.461428897664092,-0.6482979558559694,0,0,1,0,0
1362506,2.4043741961328973,0.4984142899016863,-0.7134416509665403,0.2585907576728866,1,0,1,0,0
1362832,1.526143720023302,-0.600942426308628,-1.0874352743153162,1.165479471201743,0,0,1,0,0
1362975,0.6129011823468956,0.1843123709844537,0.782532842428563,0.2585907576728866,1,0,1,0,0
1363301,0.7778679228824127,-0.129789547932779,-1.461428897664092,-0.6482979558559694,0,1,0,0,0
1362771,0.0728052107383985,-0.5485921064890893,-0.7134416509665403,1.165479471201743,0,0,1,0,0
1362893,-1.0241492638851,-1.4385475434212485,1.1565264657773389,-0.6482979558559694,1,1,0,0,0
1363097,-0.0480021728660049,0.603114929540764,0.0345455957310113,0.2585907576728866,0,0,1,0,0
1363158,-0.4316929119154253,0.2890130106235312,1.5305200891261146,-0.6482979558559694,1,1,0,0,0
1362485,-0.0017249692249298,-0.9150443452258608,0.0345455957310113,-0.6482979558559694,0,1,0,0,0
1362546,-0.5724170667071271,-0.3915411470304729,0.4085392190797872,-0.6482979558559694,0,0,1,0,0
1362954,0.9277393730384164,-0.6532927461281668,-1.461428897664092,2.072368184730599,0,0,1,0,0
1363015,0.0818623849661065,0.4984142899016863,-0.7134416509665403,0.2585907576728866,0,0,1,0,0
1363219,-0.2114368540794222,-0.3391908272109341,0.782532842428563,1.165479471201743,0,0,1,0,0
1363484,-0.5625488022500721,0.4984142899016863,-0.7134416509665403,-0.6482979558559694,0,1,0,0,0
1362811,-0.6631690512573951,2.06892388448785,-0.7134416509665403,-0.6482979558559694,0,0,1,0,0
1362607,0.0775816309778863,0.0796117313453761,0.0345455957310113,0.2585907576728866,1,0,1,0,0
1363280,-0.6829957013080992,-1.0197449848649385,-0.7134416509665403,0.2585907576728866,0,0,0,0,1
1362872,-0.2536586065737624,0.2366626908039924,1.1565264657773389,1.165479471201743,0,0,0,1,0
1363076,1.0974374732451244,0.0272614115258373,-0.3394480276177645,0.2585907576728866,0,0,1,0,0
1362729,-1.0241492638851,-1.5432481830603262,0.4085392190797872,-0.6482979558559694,1,1,0,0,0
1362668,-1.0241492638851,-1.5432481830603262,0.4085392190797872,-0.6482979558559694,1,1,0,0,0
1363198,1.684171133041073,0.7078155691798415,0.782532842428563,1.165479471201743,1,0,1,0,0
1362933,-0.1309136185325855,0.6554652493603027,0.4085392190797872,0.2585907576728866,1,0,1,0,0
1362586,0.0787532057536097,0.1843123709844537,0.782532842428563,-0.6482979558559694,0,1,0,0,0
1363402,0.0738866643775278,1.074267807916613,-0.3394480276177645,-0.6482979558559694,0,1,0,0,0
1363055,0.5292237070192651,0.4984142899016863,-0.7134416509665403,0.2585907576728866,1,0,1,0,0
1362525,-0.7402676836136557,1.807172285390156,1.1565264657773389,-0.6482979558559694,0,1,0,0,0
1362851,1.3013365447892966,-0.1821398677523177,0.0345455957310113,-0.6482979558559694,1,1,0,0,0
1363259,-0.6936299954262041,-0.7579933857672444,1.1565264657773389,0.2585907576728866,1,0,1,0,0
1362912,0.2854910931004965,-0.3915411470304729,0.4085392190797872,2.072368184730599,1,0,1,0,0
1362504,-1.0241492638851,-1.4385475434212485,-1.461428897664092,-0.6482979558559694,0,1,0,0,0
1362708,-0.3371558396282047,-0.7056430659477055,0.0345455957310113,-0.6482979558559694,1,1,0,0,0
1362973,-0.2472149453072836,0.9172168484579966,-1.461428897664092,-0.6482979558559694,0,1,0,0,0
1363442,5.471647080113407,0.8125162088189191,0.4085392190797872,-0.6482979558559694,1,0,1,0,0
1362769,0.232364683078269,-0.4438914668500117,-0.3394480276177645,-0.6482979558559694,0,1,0,0,0
1362565,0.2146558797375266,0.34136333044307,1.9045137124748903,-0.6482979558559694,0,1,0,0,0
1363238,-0.7633386945817476,-0.3915411470304729,0.4085392190797872,1.165479471201743,0,0,1,0,0
1362891,-1.0241492638851,-1.4385475434212485,1.1565264657773389,-0.6482979558559694,0,1,0,0,0
1362830,-0.5315020706934014,-1.2814965839626322,-0.3394480276177645,-0.6482979558559694,0,1,0,0,0
1363217,-0.3156168879822126,-0.0774392281132402,-1.0874352743153162,-0.6482979558559694,0,1,0,0,0
1362626,-0.3034955951103049,-0.6532927461281668,-1.461428897664092,2.072368184730599,0,0,1,0,0
1363013,-0.8243056434876626,1.1789684475556903,0.4085392190797872,-0.6482979558559694,0,0,1,0,0
1363095,-0.4655784592748104,0.9172168484579966,-1.461428897664092,-0.6482979558559694,0,0,1,0,0
1363482,-0.612791335901288,1.2313187673752293,0.782532842428563,-0.6482979558559694,1,0,1,0,0
1362687,-0.6893041808696868,-0.2868405073913953,1.1565264657773389,0.2585907576728866,0,0,1,0,0
1362605,-0.2600572072719442,-0.4438914668500117,0.0345455957310113,-0.6482979558559694,0,0,1,0,0
1362952,-0.6802019460736818,0.5507646097212251,-0.3394480276177645,-0.6482979558559694,0,0,1,0,0
1363339,-1.0241492638851,-1.4908978632407872,0.782532842428563,-0.6482979558559694,0,1,0,0,0
1363421,-0.9348392175203376,-0.7579933857672444,1.1565264657773389,-0.6482979558559694,1,1,0,0,0
1362727,2.648692597439528,-0.0774392281132402,-1.0874352743153162,0.2585907576728866,0,0,1,0,0
1362809,0.1104758458347362,0.7078155691798415,0.782532842428563,0.2585907576728866,0,0,0,1,0
1363196,0.5755910317969344,-0.0250889082937014,-0.7134416509665403,-0.6482979558559694,0,1,0,0,0
1362666,-1.0241492638851,-1.4385475434212485,1.1565264657773389,-0.6482979558559694,0,1,0,0,0
1363461,0.0171103483232389,1.3883697268338455,1.9045137124748903,-0.6482979558559694,0,0,1,0,0
1363135,-0.197287835634147,-0.2344901875718565,0.4085392190797872,1.165479471201743,0,0,1,0,0
1362584,-0.4435438413775507,0.9695671682775354,-1.0874352743153162,-0.6482979558559694,0,0,1,0,0
1362931,0.764935539781158,0.5507646097212251,-0.3394480276177645,0.2585907576728866,0,0,1,0,0
1363053,1.4569306871190264,-0.6532927461281668,-1.461428897664092,-0.6482979558559694,1,1,0,0,0
1363400,1.195444209291218,0.34136333044307,1.9045137124748903,-0.6482979558559694,0,0,1,0,0
1363318,-0.6748847990146294,-0.0774392281132402,-1.0874352743153162,1.165479471201743,0,0,0,0,1
1362523,-1.0241492638851,-1.5432481830603262,0.4085392190797872,-0.6482979558559694,0,1,0,0,0
1362706,-1.0241492638851,-1.4385475434212485,1.1565264657773389,-0.6482979558559694,0,1,0,0,0
1362992,0.0813667187148389,-0.129789547932779,-1.461428897664092,-0.6482979558559694,0,1,0,0,0
1363175,-1.0241492638851,-1.3861972236017095,-1.0874352743153162,-0.6482979558559694,0,1,0,0,0
1363257,0.413733470473914,0.0796117313453761,0.0345455957310113,-0.6482979558559694,1,1,0,0,0
1362767,-1.0241492638851,-1.333846903782171,-0.7134416509665403,-0.6482979558559694,0,1,0,0,0
1362849,-0.0327717007816005,0.0796117313453761,0.0345455957310113,-0.6482979558559694,0,1,0,0,0
1362563,-0.361263243667129,1.5977710061120007,-0.3394480276177645,-0.6482979558559694,1,0,1,0,0
1362645,1.5530448792966438,-0.600942426308628,-1.0874352743153162,2.072368184730599,1,0,0,0,1
1362624,0.2766141611459767,1.807172285390156,1.1565264657773389,-0.6482979558559694,0,0,1,0,0
1362502,-0.3243586382318412,0.7601658889993803,1.1565264657773389,1.165479471201743,1,0,1,0,0
1362481,-0.0844111120500251,-0.3391908272109341,0.782532842428563,1.165479471201743,0,0,1,0,0
1362971,0.3745307760554765,0.9172168484579966,-1.461428897664092,-0.6482979558559694,0,0,1,0,0
1362746,-0.6271656571880485,-0.3915411470304729,0.4085392190797872,1.165479471201743,0,0,1,0,0
1363236,0.0215262840163503,1.1266181277361518,0.0345455957310113,-0.6482979558559694,1,0,0,1,0
1363215,1.5768819199257855,0.7601658889993803,1.1565264657773389,0.2585907576728866,1,0,0,0,1
1362828,-0.8441773541066637,2.330675483585544,1.1565264657773389,-0.6482979558559694,1,0,1,0,0
1363011,3.042476903787488,0.6554652493603027,0.4085392190797872,-0.6482979558559694,1,0,0,0,1
1363297,-0.6027878897393419,0.1843123709844537,0.782532842428563,-0.6482979558559694,0,1,0,0,0
1363480,-0.6619524159133746,-1.072095304684477,-1.0874352743153162,-0.6482979558559694,0,1,0,0,0
1363093,-0.9773313334244602,1.9118729250292332,1.9045137124748903,-0.6482979558559694,1,0,1,0,0
1363072,-0.6864203044986753,2.3830258034050824,1.5305200891261146,-0.6482979558559694,1,0,1,0,0
1362685,0.5115149036785226,0.34136333044307,-0.7134416509665403,-0.6482979558559694,0,1,0,0,0
1362868,-0.3537831893298179,-0.4962417866695505,-0.3394480276177645,2.072368184730599,0,0,1,0,0
1363154,-0.8923471016162151,-0.7056430659477055,1.5305200891261146,1.165479471201743,0,0,0,0,1
1363337,2.7760337634470043,0.0272614115258373,-0.3394480276177645,2.9792568982594547,0,0,0,0,1
1362950,-0.4863513812597527,0.9172168484579966,-1.461428897664092,-0.6482979558559694,0,0,1,0,0
1362929,2.729170772418067,0.8125162088189191,1.5305200891261146,0.2585907576728866,1,0,0,0,1
1362542,0.9540096843555992,-0.3391908272109341,0.782532842428563,1.165479471201743,0,0,1,0,0
1362725,2.082010890535768,0.4984142899016863,-0.7134416509665403,0.2585907576728866,1,0,0,1,0
1363276,-0.2841646113108684,-0.5485921064890893,-0.7134416509665403,2.072368184730599,1,0,1,0,0
1363194,0.0696960315259017,0.6554652493603027,0.4085392190797872,0.2585907576728866,0,0,0,1,0
1362664,0.3581287291953486,0.1843123709844537,0.0345455957310113,3.886145611788311,1,0,0,0,1
1363051,-1.0241492638851,-1.4908978632407872,0.782532842428563,-0.6482979558559694,1,1,0,0,0
1363133,-0.4463375966119681,1.2313187673752293,0.782532842428563,-0.6482979558559694,0,1,0,0,0
1362643,-0.7377442917890206,-1.2814965839626322,-0.3394480276177645,-0.6482979558559694,0,1,0,0,0
1363398,-0.4018177551344781,0.3937136502626088,-1.461428897664092,-0.6482979558559694,0,0,0,1,0
1363377,-0.776856865070864,-0.4962417866695505,-0.3394480276177645,2.072368184730599,0,0,1,0,0
1362990,-1.0241492638851,-1.3861972236017095,-1.0874352743153162,-0.6482979558559694,0,1,0,0,0
1363173,0.2217303889601641,0.8125162088189191,1.5305200891261146,0.2585907576728866,1,0,1,0,0
1363459,-0.4859458361450792,-0.129789547932779,-1.461428897664092,0.2585907576728866,1,0,1,0,0
1362765,-0.8993765502705556,-1.2814965839626322,-0.3394480276177645,-0.6482979558559694,0,1,0,0,0
1363255,-0.2329307451571172,0.4460639700821476,-1.0874352743153162,-0.6482979558559694,0,0,1,0,0
1363234,-0.4743202095244391,1.9118729250292332,1.9045137124748903,-0.6482979558559694,1,0,1,0,0
1363316,-0.2065703127033403,-0.7579933857672444,0.4085392190797872,-0.6482979558559694,0,1,0,0,0
1362622,0.5438233311475108,1.3883697268338455,1.9045137124748903,-0.6482979558559694,1,1,0,0,0
1363112,-0.4250690083757583,-0.2344901875718565,1.5305200891261146,2.072368184730599,0,0,1,0,0
1363091,-1.0241492638851,-1.4385475434212485,-1.461428897664092,-0.6482979558559694,1,1,0,0,0
1362500,1.5311454431042752,-0.129789547932779,-1.461428897664092,-0.6482979558559694,1,1,0,0,0
1362887,2.53820408397515,0.7601658889993803,0.782532842428563,-0.6482979558559694,1,0,0,1,0
1362969,2.3608456871579424,0.8125162088189191,1.5305200891261146,-0.6482979558559694,0,0,0,0,1
1363356,-0.471796817699804,-0.1821398677523177,1.9045137124748903,2.072368184730599,0,0,1,0,0
1363438,-0.9050091213076876,-1.0197449848649385,-0.7134416509665403,0.2585907576728866,1,0,1,0,0
1362948,0.2764789794410855,0.8648665286384578,1.9045137124748903,0.2585907576728866,1,0,0,0,1
1362826,-1.0241492638851,-1.4385475434212485,-1.461428897664092,-0.6482979558559694,0,1,0,0,0
1362744,-0.8611201277863563,2.4353761232246214,1.9045137124748903,-0.6482979558559694,0,0,1,0,0
1363295,-0.8262883084927329,1.2313187673752293,0.782532842428563,-0.6482979558559694,0,0,0,0,1
1363213,0.6886029370859474,0.9172168484579966,-1.461428897664092,-0.6482979558559694,1,0,1,0,0
1362683,0.9714931848548566,-0.4438914668500117,0.0345455957310113,0.2585907576728866,0,0,1,0,0
1363070,-0.7624374832158065,-1.2291462641430937,-1.0874352743153162,-0.6482979558559694,0,1,0,0,0
1362540,1.216757858095725,1.0219174880970745,-0.7134416509665403,-0.6482979558559694,0,0,1,0,0
1363335,-0.8976642486752675,0.603114929540764,-0.7134416509665403,-0.6482979558559694,0,0,1,0,0
1363009,3.282965156788869,0.5507646097212251,-0.3394480276177645,0.2585907576728866,1,0,1,0,0
1362927,-0.3124175876331217,1.074267807916613,-0.3394480276177645,-0.6482979558559694,1,0,1,0,0
1362805,-0.8156990749429252,1.8595226052096947,1.5305200891261146,-0.6482979558559694,0,0,0,1,0
1363192,-0.5667394351016982,-0.4438914668500117,0.0345455957310113,-0.6482979558559694,1,0,0,0,1
1362662,-0.8166904074454603,1.1789684475556903,0.4085392190797872,-0.6482979558559694,0,0,1,0,0
1362784,1.4847330577583089,0.0272614115258373,-0.3394480276177645,3.886145611788311,1,0,1,0,0
1362723,0.8187378583278413,-0.1821398677523177,1.5305200891261146,0.2585907576728866,1,0,1,0,0
1363253,0.7463255250744745,0.8125162088189191,1.5305200891261146,0.2585907576728866,0,0,0,0,1
1363457,2.8845846724746087,0.7601658889993803,1.1565264657773389,-0.6482979558559694,1,0,1,0,0
1362641,-0.8700871808774701,-0.7579933857672444,1.1565264657773389,-0.6482979558559694,0,1,0,0,0
1362580,0.2989642030213158,-0.3391908272109341,0.782532842428563,2.072368184730599,0,0,0,0,1
1362906,0.6284470784093795,-0.3391908272109341,0.782532842428563,1.165479471201743,1,0,1,0,0
1362845,2.3006447679130777,0.0272614115258373,-0.7134416509665403,2.072368184730599,1,0,0,0,1
1363375,-0.5283027703443105,1.545420686292462,-0.7134416509665403,-0.6482979558559694,0,0,1,0,0
1363314,-0.5115852995061033,-0.8626940254063219,0.4085392190797872,0.2585907576728866,1,0,1,0,0
1362498,-0.5803477267274086,0.9172168484579966,-1.461428897664092,-0.6482979558559694,0,0,1,0,0
1362702,-0.1324456778546854,-0.1821398677523177,1.9045137124748903,-0.6482979558559694,1,1,0,0,0
1362763,-0.0689553371241354,0.3937136502626088,-1.461428897664092,0.2585907576728866,0,0,1,0,0
1363171,0.6373690709321963,0.8648665286384578,1.9045137124748903,-0.6482979558559694,0,0,1,0,0
1363232,-0.5909369602772165,1.1789684475556903,0.4085392190797872,-0.6482979558559694,0,0,1,0,0
1362967,-0.7978550898972915,2.1736245241269274,0.0345455957310113,-0.6482979558559694,1,0,1,0,0
1362620,0.3274424821850544,-0.600942426308628,-1.0874352743153162,-0.6482979558559694,1,0,1,0,0
1363436,-0.7490544944315813,-0.8626940254063219,0.4085392190797872,0.2585907576728866,0,0,1,0,0
1363089,0.3501980691750669,0.7601658889993803,1.1565264657773389,1.165479471201743,0,0,1,0,0
1362824,2.1044961141159986,0.8125162088189191,1.5305200891261146,1.165479471201743,0,0,1,0,0
1363354,-0.4554398314079732,1.2313187673752293,0.782532842428563,-0.6482979558559694,0,0,0,0,1
1362681,0.3377613523250799,1.5977710061120007,-0.3394480276177645,-0.6482979558559694,1,0,1,0,0
1362742,-0.1776864884249283,-0.7579933857672444,1.1565264657773389,-0.6482979558559694,1,1,0,0,0
1363150,-1.0241492638851,-1.4908978632407872,0.782532842428563,-0.6482979558559694,0,1,0,0,0
1363211,0.9797843294215146,0.2366626908039924,0.782532842428563,-0.6482979558559694,0,1,0,0,0
1363415,-1.0241492638851,-1.3861972236017095,-1.0874352743153162,-0.6482979558559694,0,1,0,0,0
1363068,1.5718801968448126,0.8125162088189191,1.5305200891261146,1.165479471201743,1,0,1,0,0
1363007,-0.0131252930040846,1.1266181277361518,0.0345455957310113,-0.6482979558559694,1,0,1,0,0
1362925,-0.3447710756704069,1.6501213259315397,0.0345455957310113,-0.6482979558559694,0,0,1,0,0
1363476,-0.577328668651506,-0.4962417866695505,-0.3394480276177645,1.165479471201743,0,0,1,0,0
1363394,-0.4508887140099706,0.34136333044307,1.9045137124748903,-0.6482979558559694,0,1,0,0,0
1363272,0.0013391494192698,-0.6532927461281668,-1.461428897664092,1.165479471201743,0,0,1,0,0
1362782,0.3086972857734796,0.0272614115258373,-0.3394480276177645,-0.6482979558559694,1,1,0,0,0
1362864,-0.2305425350373734,-0.6532927461281668,-1.461428897664092,2.072368184730599,0,0,0,0,1
1363251,-0.1861578752647745,-1.2291462641430937,0.0345455957310113,-0.6482979558559694,1,1,0,0,0
1363333,-0.2642027795552732,-1.2291462641430937,0.0345455957310113,-0.6482979558559694,0,1,0,0,0
1363047,-0.3531523413736591,0.0272614115258373,-0.3394480276177645,2.9792568982594547,1,0,1,0,0
1363129,-0.5541675365468199,-0.8626940254063219,0.4085392190797872,-0.6482979558559694,0,1,0,0,0
1362639,-1.0241492638851,-1.4908978632407872,0.782532842428563,-0.6482979558559694,0,1,0,0,0
1362721,-0.6737132242389059,-1.2814965839626322,-0.3394480276177645,-0.6482979558559694,0,1,0,0,0
1363108,0.2291653827291782,-0.9673946650453996,-0.3394480276177645,1.165479471201743,0,0,1,0,0
1362986,0.8526234056872264,-0.6532927461281668,-1.461428897664092,2.072368184730599,1,0,0,1,0
1362904,-0.1729100681854405,1.3883697268338455,1.9045137124748903,-0.6482979558559694,1,0,0,1,0
1363455,0.664315290773835,0.6554652493603027,0.4085392190797872,0.2585907576728866,0,0,1,0,0
1362496,-1.0241492638851,-1.5432481830603262,-0.7134416509665403,-0.6482979558559694,1,1,0,0,0
1362578,-1.0241492638851,-1.333846903782171,-0.7134416509665403,-0.6482979558559694,0,1,0,0,0
1362965,0.2556609968878463,1.6501213259315397,0.0345455957310113,-0.6482979558559694,1,0,1,0,0
1362843,0.2061394323293832,0.8648665286384578,1.9045137124748903,0.2585907576728866,0,0,0,1,0
1362761,-0.4151556833504063,-1.0197449848649385,-0.7134416509665403,0.2585907576728866,1,0,0,0,1
1363312,0.2977025071089983,0.3937136502626088,-1.461428897664092,-0.6482979558559694,0,0,1,0,0
1363230,-0.7564894882005954,-0.7579933857672444,-0.3394480276177645,0.2585907576728866,0,0,1,0,0
1362700,-0.7449990432848463,1.7024716457510782,0.4085392190797872,-0.6482979558559694,0,0,0,0,1
1362822,-0.4045664498005984,-1.2291462641430937,-1.0874352743153162,-0.6482979558559694,1,1,0,0,0
1363169,-0.4332700318058223,-1.2291462641430937,0.0345455957310113,-0.6482979558559694,0,1,0,0,0
1362618,2.7663457412631374,0.7601658889993803,1.1565264657773389,-0.6482979558559694,1,0,1,0,0
1363434,0.8264432155066376,0.7601658889993803,1.1565264657773389,-0.6482979558559694,1,1,0,0,0
1363087,-0.8709433316751142,-1.2814965839626322,-0.3394480276177645,-0.6482979558559694,0,1,0,0,0
1362557,-0.1552913859812921,-0.129789547932779,-1.461428897664092,2.9792568982594547,1,0,0,0,1
1363352,-0.7640596636745005,-1.2814965839626322,-0.3394480276177645,-0.6482979558559694,1,1,0,0,0
1363026,1.203419929879797,0.0796117313453761,0.0345455957310113,2.9792568982594547,1,0,1,0,0
1363413,-0.6120253062402381,1.964223244848772,-1.461428897664092,-0.6482979558559694,1,0,0,0,1
1363495,-0.1392047630992436,-0.3391908272109341,-0.3394480276177645,2.072368184730599,0,0,0,1,0
1363209,0.4510886815921723,0.8648665286384578,1.9045137124748903,-0.6482979558559694,0,1,0,0,0
1363291,0.54643684410874,-0.129789547932779,-1.461428897664092,1.165479471201743,1,0,0,0,1
1362801,-0.4615680686963726,-0.9673946650453996,-0.3394480276177645,1.165479471201743,1,0,0,0,1
1362883,-0.4652630352967311,-0.600942426308628,-1.0874352743153162,2.072368184730599,1,0,1,0,0
1363270,-1.0241492638851,-1.3861972236017095,-1.0874352743153162,-0.6482979558559694,1,1,0,0,0
1363148,0.4426172947523261,0.2366626908039924,1.1565264657773389,3.886145611788311,1,0,1,0,0
1363066,-0.8781530226026428,1.1266181277361518,-1.0874352743153162,-0.6482979558559694,1,1,0,0,0
1362740,-0.9018098209585966,0.9695671682775354,-1.0874352743153162,-0.6482979558559694,1,0,1,0,0
1362658,1.0319194069412068,0.0796117313453761,0.0345455957310113,1.165479471201743,0,0,0,1,0
1363005,-0.7472971322679962,-1.072095304684477,-1.0874352743153162,-0.6482979558559694,0,0,1,0,0
1363127,-1.0241492638851,-1.3861972236017095,-1.0874352743153162,-0.6482979558559694,0,1,0,0,0
1363474,-0.8736920263412344,-1.1767959443235547,0.4085392190797872,-0.6482979558559694,0,1,0,0,0
1362923,-1.0241492638851,-1.4385475434212485,1.1565264657773389,-0.6482979558559694,1,1,0,0,0
1362597,-0.4786460240809563,-1.2291462641430937,0.0345455957310113,-0.6482979558559694,1,1,0,0,0
1363392,-1.0241492638851,-1.333846903782171,-0.7134416509665403,-0.6482979558559694,0,1,0,0,0
1362862,-1.0241492638851,-1.4385475434212485,0.4085392190797872,-0.6482979558559694,1,1,0,0,0
1363249,1.764424005178127,0.4984142899016863,-0.7134416509665403,1.165479471201743,0,0,1,0,0
1363331,0.3751616240116353,0.6554652493603027,0.4085392190797872,1.165479471201743,1,0,1,0,0
1362637,0.0560877399001912,0.1319620511649149,0.4085392190797872,-0.6482979558559694,0,1,0,0,0
1362719,0.0502298660215741,0.8648665286384578,1.9045137124748903,0.2585907576728866,0,0,1,0,0
1363371,-0.8641391858622589,-0.8103437055867831,0.0345455957310113,1.165479471201743,0,0,1,0,0
1363453,-0.4506183506001883,-0.3915411470304729,-0.7134416509665403,-0.6482979558559694,1,1,0,0,0
1362963,-0.8210162220019775,1.3883697268338455,0.0345455957310113,-0.6482979558559694,0,1,0,0,0
1362902,-0.1788130026323546,0.2890130106235312,0.4085392190797872,-0.6482979558559694,0,1,0,0,0
1363228,0.6087105494952695,-0.0774392281132402,-1.0874352743153162,-0.6482979558559694,1,1,0,0,0
1362698,1.2118913167196432,0.6554652493603027,0.4085392190797872,0.2585907576728866,0,0,0,0,1
1362820,4.797495917821173,0.6554652493603027,0.4085392190797872,1.165479471201743,1,0,0,1,0
1363167,0.7648904792128609,-0.2344901875718565,1.5305200891261146,-0.6482979558559694,0,1,0,0,0
1363289,-0.1544802957519451,0.7601658889993803,1.1565264657773389,0.2585907576728866,1,0,1,0,0
1362759,0.2041117067560157,1.3883697268338455,1.9045137124748903,-0.6482979558559694,0,0,1,0,0
1363085,0.1330511905515606,0.7078155691798415,0.782532842428563,1.165479471201743,1,0,1,0,0
1362555,0.1743717316799597,0.7601658889993803,0.782532842428563,-0.6482979558559694,1,0,1,0,0
1362677,-0.4918938311602904,-0.5485921064890893,-0.7134416509665403,1.165479471201743,1,0,0,0,1
1363493,0.3307319036707393,1.3883697268338455,0.4085392190797872,-0.6482979558559694,1,0,1,0,0
1362942,-0.2506846090661568,-0.2344901875718565,0.782532842428563,1.165479471201743,1,0,1,0,0
1362881,-0.4523306521954764,0.6554652493603027,0.4085392190797872,-0.6482979558559694,1,0,1,0,0
1363268,0.5758613952067166,0.7078155691798415,0.782532842428563,0.2585907576728866,0,0,1,0,0
1363146,-0.6464966409874849,0.0796117313453761,0.0345455957310113,-0.6482979558559694,0,0,1,0,0
1362656,-0.2318042309496909,1.1266181277361518,0.0345455957310113,-0.6482979558559694,1,0,0,0,1
1363207,-0.5321329186495602,1.5977710061120007,-0.3394480276177645,-0.6482979558559694,1,0,1,0,0
1363390,-0.4395785113674099,0.3937136502626088,-1.461428897664092,1.165479471201743,1,0,1,0,0
1363003,-0.6651066556941685,1.3360194070143068,1.5305200891261146,-0.6482979558559694,1,0,1,0,0
1362513,0.2401601613936595,-0.5485921064890893,-0.7134416509665403,1.165479471201743,0,0,0,0,1
1362595,0.2934668136890752,0.8125162088189191,0.4085392190797872,1.165479471201743,0,0,1,0,0
1362982,-1.0241492638851,-1.4385475434212485,1.1565264657773389,-0.6482979558559694,0,1,0,0,0
1363064,-1.0241492638851,-1.5432481830603262,0.4085392190797872,-0.6482979558559694,0,1,0,0,0
1363247,-0.137086916389282,1.1266181277361518,0.0345455957310113,-0.6482979558559694,0,0,1,0,0
1362860,-1.0241492638851,-1.4385475434212485,1.1565264657773389,-0.6482979558559694,0,1,0,0,0
1362839,0.9276492519018223,-0.4962417866695505,-0.3394480276177645,2.072368184730599,1,0,0,1,0
1362921,-0.1235236853318686,0.1319620511649149,0.4085392190797872,1.165479471201743,0,0,0,1,0
1362492,0.789628731207944,-0.129789547932779,-1.461428897664092,3.886145611788311,0,0,0,1,0
1362717,-1.0241492638851,-1.3861972236017095,-1.0874352743153162,-0.6482979558559694,0,1,0,0,0
1362961,-0.776090835409814,-1.2814965839626322,-0.3394480276177645,-0.6482979558559694,0,1,0,0,0
1363186,-1.0241492638851,-1.4385475434212485,-1.461428897664092,-0.6482979558559694,1,1,0,0,0
1363287,-0.1928268393727386,-0.1821398677523177,1.9045137124748903,-0.6482979558559694,1,0,1,0,0
1362574,0.1818067254489737,-0.600942426308628,-1.0874352743153162,1.165479471201743,0,0,1,0,0
1363083,-0.0021755749079004,1.1266181277361518,0.0345455957310113,-0.6482979558559694,1,1,0,0,0
1363043,-0.0850870205744809,-0.0250889082937014,-0.7134416509665403,0.2585907576728866,1,0,1,0,0
1362675,-0.5461467553899442,1.074267807916613,-0.3394480276177645,-0.6482979558559694,0,0,1,0,0
1363308,0.1994704682214191,-1.072095304684477,-1.0874352743153162,0.2585907576728866,1,0,1,0,0
1362940,-1.0241492638851,-1.333846903782171,-0.7134416509665403,-0.6482979558559694,0,1,0,0,0
1363165,-0.3346775083718667,1.3883697268338455,1.1565264657773389,-0.6482979558559694,1,0,1,0,0
1363409,-0.6015261938270243,1.3883697268338455,1.9045137124748903,-0.6482979558559694,0,0,1,0,0
1363022,0.1638275586984489,-0.0774392281132402,-1.0874352743153162,1.165479471201743,1,0,1,0,0
1362797,-0.217024364548257,-0.5485921064890893,-0.7134416509665403,2.072368184730599,0,0,1,0,0
1363491,-1.0241492638851,-1.4908978632407872,0.782532842428563,-0.6482979558559694,1,1,0,0,0
1363266,-0.0828790527279253,-1.0197449848649385,-0.7134416509665403,-0.6482979558559694,0,0,0,1,0
1362614,-0.211256611806234,-0.8103437055867831,0.782532842428563,1.165479471201743,0,0,1,0,0
1362858,1.6903894914660664,-0.0774392281132402,-1.0874352743153162,2.9792568982594547,0,0,1,0,0
1362879,-1.0241492638851,-1.4385475434212485,1.1565264657773389,-0.6482979558559694,0,1,0,0,0
1362654,-1.0241492638851,-1.5432481830603262,0.4085392190797872,-0.6482979558559694,0,1,0,0,0
1363348,0.6097018819978047,0.1319620511649149,0.4085392190797872,1.165479471201743,0,0,1,0,0
1363123,1.5165458189760297,-0.3915411470304729,-0.7134416509665403,1.165479471201743,1,0,0,0,1
1362736,-0.1068062144936613,-0.0250889082937014,-0.7134416509665403,-0.6482979558559694,0,1,0,0,0
1363388,2.417396700370746,0.7078155691798415,0.782532842428563,0.2585907576728866,1,0,1,0,0
1363205,-1.0241492638851,-1.333846903782171,-0.7134416509665403,-0.6482979558559694,0,1,0,0,0
1362511,-0.9107318134814134,2.1212742043073884,-0.3394480276177645,-0.6482979558559694,1,1,0,0,0
1363470,-0.1954854129022648,-0.2344901875718565,1.5305200891261146,1.165479471201743,0,0,1,0,0
1362980,-0.6546075432809547,-1.2814965839626322,-0.3394480276177645,-0.6482979558559694,1,1,0,0,0
1362593,-0.4958141006021341,-0.6532927461281668,-1.461428897664092,-0.6482979558559694,1,1,0,0,0
1363449,0.3396088356252591,-0.4438914668500117,0.0345455957310113,-0.6482979558559694,0,1,0,0,0
1363327,-0.4694536681483571,-0.129789547932779,-1.461428897664092,-0.6482979558559694,0,1,0,0,0
1362837,-0.0183072583582459,0.3937136502626088,-1.461428897664092,-0.6482979558559694,1,0,1,0,0
1362919,-0.8303888202077649,-0.9673946650453996,-0.3394480276177645,-0.6482979558559694,0,1,0,0,0
1363306,-0.3222858520901767,0.1843123709844537,0.782532842428563,-0.6482979558559694,0,1,0,0,0
1362715,-0.2243241766123798,0.7078155691798415,0.782532842428563,0.2585907576728866,0,0,1,0,0
1363102,-0.2048129505397551,-0.4962417866695505,-0.3394480276177645,2.072368184730599,0,0,1,0,0
1363184,-0.1301475888715356,0.3937136502626088,-1.461428897664092,1.165479471201743,0,0,0,0,1
1362694,0.3203679729624168,-0.3391908272109341,0.782532842428563,1.165479471201743,0,0,1,0,0
1362776,0.2046073730072834,1.3360194070143068,-0.3394480276177645,-0.6482979558559694,1,0,1,0,0
1362959,2.478273528140067,0.7601658889993803,1.1565264657773389,0.2585907576728866,0,0,1,0,0
1362572,-1.0241492638851,-1.333846903782171,-0.7134416509665403,-0.6482979558559694,1,1,0,0,0
1363428,-0.6501014864512493,2.06892388448785,-0.7134416509665403,-0.6482979558559694,1,1,0,0,0
1362633,-0.5366840360475628,-0.7579933857672444,0.0345455957310113,1.165479471201743,0,0,1,0,0
1362551,0.0160739552524067,-0.8103437055867831,0.782532842428563,-0.6482979558559694,0,1,0,0,0
1362898,-0.4631902491550665,-0.5485921064890893,-1.0874352743153162,1.165479471201743,1,0,1,0,0
1362816,-0.4871174109208026,-1.2291462641430937,0.0345455957310113,-0.6482979558559694,0,1,0,0,0
1363081,0.8628070941223607,-0.2868405073913953,1.1565264657773389,-0.6482979558559694,0,1,0,0,0
1363142,0.8085091093244099,-0.6532927461281668,-1.461428897664092,1.165479471201743,1,0,0,1,0
1362877,-0.5969750764290218,-0.0250889082937014,-0.7134416509665403,1.165479471201743,1,0,1,0,0
1362530,0.7444780417742952,0.7601658889993803,1.1565264657773389,-0.6482979558559694,0,1,0,0,0
1363346,0.5636499811982149,0.6554652493603027,0.4085392190797872,0.2585907576728866,1,0,1,0,0
1362999,0.300766625753198,-0.3391908272109341,0.782532842428563,1.165479471201743,1,0,0,0,1
1362938,-1.0241492638851,-1.3861972236017095,-1.0874352743153162,-0.6482979558559694,1,1,0,0,0
1363468,0.6396220993470491,0.5507646097212251,-0.7134416509665403,0.2585907576728866,0,0,0,1,0
1362734,0.4633000956006741,0.6554652493603027,0.4085392190797872,-0.6482979558559694,0,0,1,0,0
1363264,-1.0241492638851,-1.3861972236017095,-1.0874352743153162,-0.6482979558559694,0,1,0,0,0
1363203,2.698394404271179,0.7078155691798415,0.782532842428563,0.2585907576728866,1,0,1,0,0
1363121,-1.0241492638851,-1.4908978632407872,0.782532842428563,-0.6482979558559694,1,1,0,0,0
1362591,0.1896022037643642,1.1266181277361518,0.0345455957310113,-0.6482979558559694,0,1,0,0,0
1362713,0.3861113421078195,-0.129789547932779,-1.461428897664092,-0.6482979558559694,1,0,1,0,0
1363060,1.1603420265878126,0.1843123709844537,0.782532842428563,3.886145611788311,1,0,1,0,0
1362509,-0.88477692614231,2.06892388448785,-0.7134416509665403,-0.6482979558559694,1,0,1,0,0
1362652,-0.0893677745627011,0.1843123709844537,-1.0874352743153162,1.165479471201743,1,0,1,0,0
1362978,0.4655531240155269,-0.0774392281132402,-1.0874352743153162,-0.6482979558559694,1,1,0,0,0
1362917,1.0244844131721929,0.7601658889993803,1.1565264657773389,-0.6482979558559694,0,0,1,0,0
1363447,-0.255776453283724,-0.0774392281132402,-1.0874352743153162,-0.6482979558559694,0,1,0,0,0
1363386,-0.4819354455666413,2.225974843946466,0.4085392190797872,-0.6482979558559694,1,0,1,0,0
1362570,-0.0976138585610621,0.3937136502626088,-1.461428897664092,1.165479471201743,0,0,1,0,0
1363182,3.5349438547059986,0.3937136502626088,-1.461428897664092,-0.6482979558559694,0,0,1,0,0
1362835,-0.6141431529501997,-0.7579933857672444,1.1565264657773389,-0.6482979558559694,1,1,0,0,0
1363243,-0.2770901020882308,-0.3915411470304729,0.4085392190797872,1.165479471201743,1,0,1,0,0
1363304,-0.3581540644546321,2.3830258034050824,1.5305200891261146,-0.6482979558559694,0,0,0,0,1
1363039,-1.0241492638851,-1.4385475434212485,1.1565264657773389,-0.6482979558559694,0,1,0,0,0
1362692,-1.0241492638851,-1.5432481830603262,0.4085392190797872,-0.6482979558559694,1,1,0,0,0
1362631,0.5256639221237978,0.603114929540764,0.0345455957310113,-0.6482979558559694,0,0,1,0,0
1363161,-0.4581885260740935,-0.600942426308628,-1.0874352743153162,1.165479471201743,0,0,1,0,0
1363100,-0.4564311639105083,-0.2868405073913953,-0.3394480276177645,-0.6482979558559694,1,1,0,0,0
1363426,0.6514730288091743,-0.3391908272109341,0.782532842428563,-0.6482979558559694,1,1,0,0,0
1362896,0.9926716519544724,0.5507646097212251,-0.7134416509665403,0.2585907576728866,0,0,1,0,0
1362549,-1.0241492638851,-1.333846903782171,-0.7134416509665403,-0.6482979558559694,0,1,0,0,0
1363365,0.8350948446196721,-0.4438914668500117,0.0345455957310113,2.072368184730599,1,0,1,0,0
1363018,1.0884704201540103,-0.3391908272109341,0.0345455957310113,1.165479471201743,1,0,1,0,0
1362488,-0.7049852586370619,1.807172285390156,1.1565264657773389,-0.6482979558559694,0,0,1,0,0
1362814,-1.0241492638851,-1.3861972236017095,-1.0874352743153162,-0.6482979558559694,1,1,0,0,0
1362753,-0.4225005559828262,0.2890130106235312,1.5305200891261146,-0.6482979558559694,0,1,0,0,0
1363283,0.0120185041056718,-1.1244456245040158,-1.461428897664092,-0.6482979558559694,0,1,0,0,0
1363222,-0.7782988032563698,1.074267807916613,-0.3394480276177645,-0.6482979558559694,1,0,0,0,1
1362875,-0.6329784704983685,1.3360194070143068,1.5305200891261146,-0.6482979558559694,0,0,1,0,0
1363487,-1.0241492638851,-1.5432481830603262,0.4085392190797872,-0.6482979558559694,1,1,0,0,0
1362671,0.0024656636266962,-0.9150443452258608,0.0345455957310113,-0.6482979558559694,0,1,0,0,0
1362610,-0.5914776870967812,1.9118729250292332,1.9045137124748903,-0.6482979558559694,1,0,1,0,0
1363140,-0.0921164692288215,0.0796117313453761,0.0345455957310113,-0.6482979558559694,1,1,0,0,0
1363079,0.1215607456358116,0.1843123709844537,0.782532842428563,0.2585907576728866,0,0,1,0,0
1362528,-0.7259384228951923,-0.1821398677523177,1.9045137124748903,-0.6482979558559694,0,1,0,0,0
1363344,-0.4327743655545547,1.2313187673752293,0.782532842428563,-0.6482979558559694,0,0,1,0,0
1362997,-1.0241492638851,-1.333846903782171,-0.7134416509665403,-0.6482979558559694,0,1,0,0,0
1362936,-0.6377548907378563,0.4984142899016863,-0.7134416509665403,0.2585907576728866,0,0,1,0,0
1363466,-1.0241492638851,-1.4385475434212485,1.1565264657773389,-0.6482979558559694,0,1,0,0,0
1363405,0.1736958231555039,-1.0197449848649385,-0.7134416509665403,1.165479471201743,0,0,1,0,0
1362589,0.3580386080587545,1.1266181277361518,0.0345455957310113,-0.6482979558559694,0,0,1,0,0
1363201,-0.6619524159133746,1.964223244848772,-1.461428897664092,-0.6482979558559694,0,0,1,0,0
1362854,-1.0241492638851,-1.4385475434212485,-1.461428897664092,-0.6482979558559694,1,1,0,0,0
1362793,0.2880144849251315,-0.3391908272109341,0.782532842428563,1.165479471201743,1,0,0,1,0
1363323,1.5840465502850174,-0.1821398677523177,1.9045137124748903,-0.6482979558559694,0,1,0,0,0
1363262,1.2122518012660195,0.603114929540764,0.0345455957310113,0.2585907576728866,0,0,1,0,0
1362711,-0.4386322394331718,-0.8626940254063219,0.4085392190797872,0.2585907576728866,0,0,0,0,1
1363058,-0.7377893523573177,1.807172285390156,1.1565264657773389,-0.6482979558559694,1,0,1,0,0
1363180,-1.0241492638851,-1.4385475434212485,1.1565264657773389,-0.6482979558559694,1,1,0,0,0
1362650,-0.2218909059243389,-1.1244456245040158,-1.461428897664092,0.2585907576728866,1,0,1,0,0
1362976,-0.1148720562188341,0.34136333044307,1.9045137124748903,0.2585907576728866,0,0,1,0,0
1363384,1.4382756118440456,0.2890130106235312,1.5305200891261146,-0.6482979558559694,1,1,0,0,0
1363445,-0.7574808207031305,-0.7056430659477055,1.5305200891261146,0.2585907576728866,1,0,1,0,0
1362507,-1.0241492638851,-1.333846903782171,-0.7134416509665403,-0.6482979558559694,0,1,0,0,0
1362568,-1.0241492638851,-1.3861972236017095,-1.0874352743153162,-0.6482979558559694,1,1,0,0,0
1362772,-0.4628748251769872,-0.600942426308628,-1.0874352743153162,1.165479471201743,1,0,1,0,0
1363037,-0.6520841514563197,-0.7056430659477055,1.5305200891261146,-0.6482979558559694,0,0,1,0,0
1363241,0.3374459283470005,0.1843123709844537,0.782532842428563,-0.6482979558559694,0,1,0,0,0
1363302,1.2606017910487592,0.6554652493603027,0.4085392190797872,0.2585907576728866,1,0,1,0,0
1363098,-0.0369172730649295,0.4460639700821476,-1.0874352743153162,0.2585907576728866,1,0,1,0,0
1362894,1.658847093658128,0.7601658889993803,1.1565264657773389,-0.6482979558559694,1,1,0,0,0
1362486,-0.5419561225383182,1.7548219655706172,0.782532842428563,-0.6482979558559694,0,0,0,1,0
1362690,0.0632073096911259,0.2366626908039924,1.1565264657773389,0.2585907576728866,0,0,1,0,0
1362955,-0.3146255554796774,-0.6532927461281668,-1.461428897664092,2.072368184730599,1,0,1,0,0
1363159,-0.5271762561368842,0.1843123709844537,0.0345455957310113,-0.6482979558559694,1,1,0,0,0
1363077,-1.0241492638851,-1.4385475434212485,-0.3394480276177645,-0.6482979558559694,0,1,0,0,0
1362547,0.3462777997332232,-0.2868405073913953,-0.3394480276177645,-0.6482979558559694,1,0,1,0,0
1362669,-1.0241492638851,-1.5432481830603262,0.4085392190797872,-0.6482979558559694,0,1,0,0,0
1363016,0.8376182364443072,0.603114929540764,0.0345455957310113,0.2585907576728866,1,0,1,0,0
1362934,-0.5251485305635167,0.4984142899016863,-0.7134416509665403,0.2585907576728866,0,0,1,0,0
1363485,-0.1291111958007033,0.2890130106235312,1.5305200891261146,-0.6482979558559694,0,1,0,0,0
1363403,0.6594938099660501,0.4984142899016863,-0.7134416509665403,0.2585907576728866,0,0,0,0,1
1363342,0.4493313194285872,0.5507646097212251,-0.3394480276177645,0.2585907576728866,0,0,0,0,1
1362526,0.9527479884432818,-0.0774392281132402,-1.0874352743153162,-0.6482979558559694,0,0,1,0,0
1363138,-0.432188578166693,1.545420686292462,-0.7134416509665403,-0.6482979558559694,0,0,1,0,0
1362791,-0.6675399263822094,2.016573564668311,-1.0874352743153162,-0.6482979558559694,0,0,1,0,0
1362730,-0.4389026028429541,-0.2868405073913953,1.1565264657773389,2.072368184730599,0,0,0,0,1
1363056,-0.9141113561036924,-1.2291462641430937,-1.0874352743153162,-0.6482979558559694,0,1,0,0,0
1363199,-1.0241492638851,-1.3861972236017095,-1.0874352743153162,-0.6482979558559694,1,1,0,0,0
1363117,0.7213169096696092,0.2890130106235312,1.1565264657773389,3.886145611788311,1,0,0,0,1
1362995,1.0123631203002852,0.8648665286384578,1.9045137124748903,1.165479471201743,1,0,1,0,0
1363382,-0.4159667735797533,0.9695671682775354,-1.0874352743153162,-0.6482979558559694,0,0,1,0,0
1362587,-0.627661323439316,-0.8103437055867831,0.782532842428563,-0.6482979558559694,0,0,1,0,0
1362505,-0.6756057681073823,0.5507646097212251,-0.3394480276177645,0.2585907576728866,0,0,1,0,0
1362852,0.4946622511354242,0.7078155691798415,0.782532842428563,0.2585907576728866,1,0,1,0,0
1362974,-0.4637760365429282,-0.7056430659477055,1.5305200891261146,-0.6482979558559694,1,1,0,0,0
1363321,0.4679413341352708,0.6554652493603027,0.4085392190797872,-0.6482979558559694,1,0,1,0,0
1362770,2.4406028930437293,-0.0250889082937014,-0.7134416509665403,-0.6482979558559694,0,1,0,0,0
1362709,-0.7546420049004161,1.6501213259315397,0.0345455957310113,-0.6482979558559694,0,0,1,0,0
1362831,3.9777540593611542,0.4984142899016863,-0.7134416509665403,-0.6482979558559694,1,1,0,0,0
1363178,0.3826416783489463,-0.4438914668500117,0.0345455957310113,-0.6482979558559694,1,1,0,0,0
1363096,-0.4801780834030562,1.283669087194768,1.1565264657773389,-0.6482979558559694,1,0,1,0,0
1362566,4.736754271756744,0.603114929540764,0.0345455957310113,0.2585907576728866,1,0,1,0,0
1363361,0.1477859963846974,-0.4438914668500117,0.0345455957310113,1.165479471201743,0,0,0,0,1
1363035,-0.6518588486148345,0.9172168484579966,-1.461428897664092,-0.6482979558559694,1,0,1,0,0
1362484,-0.5711553707948095,-0.0250889082937014,-0.7134416509665403,-0.6482979558559694,0,1,0,0,0
1362688,0.052618076141318,-0.4438914668500117,0.0345455957310113,0.2585907576728866,1,0,1,0,0
1363422,0.8923668269252286,-0.1821398677523177,1.9045137124748903,1.165479471201743,1,0,1,0,0
1363157,2.228953403752464,-0.5485921064890893,-0.7134416509665403,-0.6482979558559694,1,1,0,0,0
1363218,-0.0487682025270549,0.34136333044307,0.782532842428563,-0.6482979558559694,0,1,0,0,0
1362749,-0.2395546486967843,-0.4962417866695505,-0.7134416509665403,1.165479471201743,0,0,0,1,0
1362810,-1.0241492638851,-1.333846903782171,-0.7134416509665403,-0.6482979558559694,0,1,0,0,0
1363014,-0.3302615726787553,0.9172168484579966,-1.461428897664092,-0.6482979558559694,1,0,1,0,0
1363075,-0.4581885260740935,0.1843123709844537,0.782532842428563,0.2585907576728866,1,0,1,0,0
1363483,-0.6063927352031062,-0.7579933857672444,0.782532842428563,-0.6482979558559694,1,0,1,0,0
1362932,-0.195620594607156,-1.2814965839626322,-0.3394480276177645,-0.6482979558559694,1,1,0,0,0
1362606,0.6244366878309416,0.4460639700821476,-1.0874352743153162,-0.6482979558559694,0,1,0,0,0
1363401,-0.5735886414828505,0.0796117313453761,0.0345455957310113,-0.6482979558559694,1,0,1,0,0
1363340,-1.0241492638851,-1.5432481830603262,0.4085392190797872,-0.6482979558559694,1,1,0,0,0
1362524,-1.0241492638851,-1.4385475434212485,1.1565264657773389,-0.6482979558559694,0,1,0,0,0
1362728,0.4207178585599575,0.2890130106235312,1.5305200891261146,0.2585907576728866,1,0,1,0,0
1362993,-0.0913053789994745,-0.6532927461281668,-1.461428897664092,0.2585907576728866,0,0,0,1,0
1363197,-0.1640331362309207,0.4984142899016863,-0.7134416509665403,1.165479471201743,0,0,1,0,0
1363258,-0.6183788463701229,-0.8626940254063219,0.4085392190797872,0.2585907576728866,0,0,1,0,0
1363462,-0.596299167904566,-0.9150443452258608,0.0345455957310113,1.165479471201743,0,0,0,1,0
1362503,-0.7633837551500446,-1.2814965839626322,-0.3394480276177645,-0.6482979558559694,1,1,0,0,0
1362585,0.2417372812840564,1.3883697268338455,1.9045137124748903,-0.6482979558559694,1,0,1,0,0
1362972,1.636542112351086,0.6554652493603027,0.4085392190797872,-0.6482979558559694,1,1,0,0,0
1363054,-0.5853494498083818,0.7078155691798415,0.782532842428563,0.2585907576728866,0,0,1,0,0
1363441,-0.7011100497635151,-0.1821398677523177,1.9045137124748903,-0.6482979558559694,0,1,0,0,0
1362850,-0.6203615113751932,2.278325163766005,0.782532842428563,-0.6482979558559694,1,0,0,0,1
1363237,1.554396696345555,-0.3915411470304729,0.4085392190797872,1.165479471201743,1,0,1,0,0
1362911,0.9466648117231794,1.2313187673752293,0.782532842428563,-0.6482979558559694,1,0,1,0,0
1362829,1.2087370769388492,0.5507646097212251,-0.3394480276177645,0.2585907576728866,0,0,1,0,0
1363176,-0.8992413685656645,-1.072095304684477,-1.0874352743153162,0.2585907576728866,0,0,0,0,1
1363298,1.5125804889658887,-0.2344901875718565,1.5305200891261146,1.165479471201743,1,0,1,0,0
1362768,-1.0241492638851,-1.3861972236017095,-1.0874352743153162,-0.6482979558559694,1,1,0,0,0
1363094,-0.5174882339530175,1.545420686292462,-0.7134416509665403,-0.6482979558559694,0,0,1,0,0
1362564,-0.3772146848442863,1.807172285390156,1.1565264657773389,-0.6482979558559694,0,0,1,0,0
1362686,-0.1671423154434175,1.4407200466533845,-1.461428897664092,-0.6482979558559694,0,0,0,0,1
1362625,0.3351027787955536,-0.2868405073913953,1.1565264657773389,2.072368184730599,1,0,1,0,0
1362951,0.0613598263909466,1.283669087194768,1.1565264657773389,-0.6482979558559694,1,0,1,0,0
1362890,-1.0241492638851,-1.4908978632407872,0.782532842428563,-0.6482979558559694,0,1,0,0,0
1363420,-0.0161894116482844,-0.5485921064890893,-0.7134416509665403,-0.6482979558559694,0,1,0,0,0
1363216,-0.4275022790637993,-1.2814965839626322,-0.3394480276177645,-0.6482979558559694,0,1,0,0,0
1362543,2.46002399797976,-0.3391908272109341,0.782532842428563,1.165479471201743,1,0,1,0,0
1363012,2.485753582477378,-0.3915411470304729,-0.7134416509665403,-0.6482979558559694,1,1,0,0,0
1362808,0.3901667932545544,-0.0250889082937014,-0.7134416509665403,-0.6482979558559694,0,1,0,0,0
1363481,-0.6797964009590083,1.2313187673752293,0.782532842428563,-0.6482979558559694,0,0,1,0,0
1362665,-1.0241492638851,-1.4908978632407872,0.782532842428563,-0.6482979558559694,0,1,0,0,0
1362604,0.2467390043650295,-0.129789547932779,-1.461428897664092,-0.6482979558559694,0,1,0,0,0
1363134,-0.1389343996894612,-0.1821398677523177,0.782532842428563,1.165479471201743,1,0,1,0,0
1363073,-0.4914882860456169,-0.7056430659477055,1.5305200891261146,-0.6482979558559694,1,0,1,0,0
1363399,-0.952457899724486,-0.9150443452258608,0.0345455957310113,-0.6482979558559694,1,1,0,0,0
1363338,-1.0241492638851,-1.5432481830603262,0.4085392190797872,-0.6482979558559694,0,1,0,0,0
1362991,-0.0482725362757873,0.34136333044307,1.9045137124748903,-0.6482979558559694,0,1,0,0,0
1362930,-1.0241492638851,-1.333846903782171,-0.7134416509665403,-0.6482979558559694,1,1,0,0,0
1362787,-1.0241492638851,-1.4908978632407872,0.782532842428563,-0.6482979558559694,1,1,0,0,0
1362726,-0.3869477675964501,-1.2814965839626322,-0.3394480276177645,-0.6482979558559694,1,1,0,0,0
1363256,3.057977739281675,0.3937136502626088,-1.461428897664092,-0.6482979558559694,1,0,1,0,0
1363195,-1.0241492638851,-1.333846903782171,-0.7134416509665403,-0.6482979558559694,1,1,0,0,0
1362848,-1.0241492638851,-1.4385475434212485,1.1565264657773389,-0.6482979558559694,0,1,0,0,0
1363317,-0.2051283745178345,1.3360194070143068,1.5305200891261146,-0.6482979558559694,0,0,0,0,1
1362644,-0.8722500881557287,-1.2291462641430937,0.0345455957310113,-0.6482979558559694,0,1,0,0,0
1362909,3.417290710882389,0.0272614115258373,-0.3394480276177645,0.2585907576728866,0,0,0,1,0
1363113,0.3350126576589595,-0.2344901875718565,-1.0874352743153162,2.072368184730599,1,0,1,0,0
1363378,0.4057126893170383,-0.3915411470304729,0.4085392190797872,2.072368184730599,1,0,1,0,0
1362705,0.2210995410040054,-0.129789547932779,-1.461428897664092,1.165479471201743,0,0,0,0,1
1363174,-0.0605740714208832,0.8125162088189191,1.1565264657773389,0.2585907576728866,0,0,1,0,0
1362501,1.9204236926225304,0.8125162088189191,1.5305200891261146,1.165479471201743,0,0,1,0,0
1362766,3.5849160249474323,0.7078155691798415,0.782532842428563,1.165479471201743,0,0,0,1,0
1362970,0.3401045018765267,0.1319620511649149,-1.0874352743153162,-0.6482979558559694,0,1,0,0,0
1363235,0.1396300335229305,1.7024716457510782,0.4085392190797872,-0.6482979558559694,0,0,1,0,0
1363439,-0.8356158461302233,-0.8103437055867831,0.782532842428563,0.2585907576728866,0,0,1,0,0
1363031,1.3434231155787455,-0.3915411470304729,0.4085392190797872,2.072368184730599,1,0,0,0,1
1362562,1.838638761163376,0.1843123709844537,0.782532842428563,-0.6482979558559694,0,1,0,0,0
1362623,-0.3232771845927119,1.5977710061120007,-0.3394480276177645,-0.6482979558559694,1,0,1,0,0
1362827,-0.7435120445310436,2.1736245241269274,0.0345455957310113,-0.6482979558559694,0,0,1,0,0
1362888,1.511228671916977,0.0796117313453761,0.0345455957310113,3.886145611788311,1,0,0,1,0
1363296,-0.6951169941800068,-1.2291462641430937,0.0345455957310113,-0.6482979558559694,0,1,0,0,0
1363357,-0.1661509829408823,-0.2344901875718565,1.5305200891261146,2.072368184730599,1,0,1,0,0
1363092,-0.7173318543504549,0.9172168484579966,-1.461428897664092,-0.6482979558559694,0,1,0,0,0
1362480,1.2689830567520113,-0.4962417866695505,-0.3394480276177645,1.165479471201743,1,0,1,0,0
1363153,-1.0241492638851,-1.4385475434212485,1.1565264657773389,-0.6482979558559694,0,1,0,0,0
1362745,-0.5100081796157063,2.06892388448785,-0.7134416509665403,-0.6482979558559694,1,0,1,0,0
1362949,-1.0241492638851,-1.3861972236017095,-1.0874352743153162,-0.6482979558559694,1,1,0,0,0
1363214,-0.6481188214461788,-1.2291462641430937,0.0345455957310113,-0.6482979558559694,0,1,0,0,0
1362541,-0.0165048356263637,1.074267807916613,-0.3394480276177645,-0.6482979558559694,1,0,1,0,0
1363479,0.4505930153409047,0.5507646097212251,-0.3394480276177645,-0.6482979558559694,1,0,0,1,0
1363010,-0.8248013097389302,-1.2814965839626322,-0.3394480276177645,-0.6482979558559694,1,1,0,0,0
1362602,0.3950783951989334,-0.9150443452258608,0.0345455957310113,0.2585907576728866,0,0,0,1,0
1362806,0.7504260367895064,-0.9673946650453996,-0.3394480276177645,0.2585907576728866,1,0,0,1,0
1363071,-0.9536294745002094,2.06892388448785,-0.7134416509665403,-0.6482979558559694,0,0,1,0,0
1363275,-0.2232877835415476,-0.2868405073913953,1.1565264657773389,2.072368184730599,0,0,1,0,0
1363336,0.5036293042265381,0.4984142899016863,-0.7134416509665403,-0.6482979558559694,1,0,1,0,0
1362663,0.2839590337783966,0.0796117313453761,0.0345455957310113,-0.6482979558559694,1,1,0,0,0
1362928,-0.0918010452507421,0.0796117313453761,0.0345455957310113,-0.6482979558559694,1,1,0,0,0
1362520,1.6063515315920591,0.34136333044307,-0.7134416509665403,2.9792568982594547,0,0,0,0,1
1363193,0.3722326870723267,0.1319620511649149,0.4085392190797872,-0.6482979558559694,0,1,0,0,0
1363458,-0.0316902471424712,0.0796117313453761,-0.3394480276177645,0.2585907576728866,0,0,1,0,0
1362785,0.939680423637136,-0.0250889082937014,-0.7134416509665403,3.886145611788311,0,0,1,0,0
1363254,-0.4240776758732231,-1.2291462641430937,0.0345455957310113,-0.6482979558559694,0,1,0,0,0
1362642,-0.7128257975207494,0.603114929540764,-0.7134416509665403,1.165479471201743,0,0,0,1,0
1362703,0.1873491753495114,-0.4438914668500117,0.0345455957310113,-0.6482979558559694,0,0,1,0,0
1363376,0.0520322887534563,1.7024716457510782,0.4085392190797872,-0.6482979558559694,1,0,1,0,0
1363172,3.169187221838806,0.3937136502626088,-1.461428897664092,-0.6482979558559694,1,0,1,0,0
1362499,0.6512026653993921,1.1789684475556903,0.4085392190797872,-0.6482979558559694,1,0,1,0,0
1362968,-0.2531629403224948,1.3360194070143068,1.5305200891261146,-0.6482979558559694,0,1,0,0,0
1362764,0.1462088764943005,0.7601658889993803,1.1565264657773389,0.2585907576728866,1,0,1,0,0
1362825,-0.5629994079330426,-1.2814965839626322,-0.3394480276177645,-0.6482979558559694,0,1,0,0,0
1363233,0.6628282920200321,1.0219174880970745,-0.7134416509665403,-0.6482979558559694,1,0,1,0,0
1363294,0.3067596813367063,0.0272614115258373,-0.3394480276177645,-0.6482979558559694,0,0,1,0,0
1363029,-1.0241492638851,-1.4908978632407872,0.782532842428563,-0.6482979558559694,1,1,0,0,0
1362682,0.2844096394613672,-0.5485921064890893,-0.7134416509665403,0.2585907576728866,1,0,1,0,0
1362621,-0.8753142067999284,0.9695671682775354,-1.0874352743153162,-0.6482979558559694,0,0,0,1,0
1363416,-0.3586497307058998,-0.600942426308628,-1.0874352743153162,2.072368184730599,0,0,1,0,0
1363090,-1.0241492638851,-1.3861972236017095,-1.0874352743153162,-0.6482979558559694,0,1,0,0,0
1363008,0.5582427130025683,0.7601658889993803,1.1565264657773389,0.2585907576728866,0,0,1,0,0
1363355,-0.4344416065815457,-1.072095304684477,-1.0874352743153162,-0.6482979558559694,1,0,1,0,0
1363130,-0.2924557558775265,-0.4962417866695505,-0.3394480276177645,1.165479471201743,1,0,0,0,1
1362947,-0.6615018102304041,-0.8626940254063219,0.4085392190797872,-0.6482979558559694,1,1,0,0,0
1362722,0.9673476125715276,-0.6532927461281668,-1.461428897664092,0.2585907576728866,0,0,1,0,0
1362743,-0.485855715008485,0.9172168484579966,-1.461428897664092,-0.6482979558559694,0,0,0,0,1
1363456,-1.0241492638851,-1.333846903782171,-0.7134416509665403,-0.6482979558559694,0,1,0,0,0
1363212,-0.6163511207967554,1.1789684475556903,0.4085392190797872,-0.6482979558559694,0,0,1,0,0
1362579,-0.2400503149480519,-1.2814965839626322,-0.3394480276177645,-0.6482979558559694,1,1,0,0,0
1362804,2.0417267424782013,0.2890130106235312,1.5305200891261146,-0.6482979558559694,1,1,0,0,0
1362844,-1.0241492638851,-1.333846903782171,-0.7134416509665403,-0.6482979558559694,1,1,0,0,0
1363069,-0.5014466716392659,-1.2814965839626322,-0.3394480276177645,-0.6482979558559694,1,1,0,0,0
1363313,-0.1392047630992436,-0.9150443452258608,0.0345455957310113,0.2585907576728866,0,0,1,0,0
1363334,-1.0241492638851,-1.333846903782171,-0.7134416509665403,-0.6482979558559694,0,1,0,0,0
1362701,0.729472872531376,0.4460639700821476,-1.0874352743153162,-0.6482979558559694,0,0,1,0,0
1362661,-0.138754157416273,1.2313187673752293,0.4085392190797872,-0.6482979558559694,1,0,1,0,0
1363170,-1.0241492638851,-1.333846903782171,-0.7134416509665403,-0.6482979558559694,0,1,0,0,0
1362926,-0.7322018418884828,1.1789684475556903,0.4085392190797872,-0.6482979558559694,0,0,1,0,0
1363435,-0.4695888498532483,-0.7056430659477055,1.5305200891261146,0.2585907576728866,1,0,1,0,0
1363395,-0.3928056414750672,-0.7056430659477055,1.5305200891261146,1.165479471201743,0,0,0,1,0
1362558,-1.0241492638851,-1.4385475434212485,1.1565264657773389,-0.6482979558559694,1,1,0,0,0
1363191,0.1524722954875911,-0.3391908272109341,0.782532842428563,-0.6482979558559694,1,0,1,0,0
1362823,0.930623249409428,0.2890130106235312,1.5305200891261146,-0.6482979558559694,1,1,0,0,0
1362783,-0.2956099956583203,0.34136333044307,1.9045137124748903,-0.6482979558559694,1,1,0,0,0
1362680,-0.6509576372488933,1.5977710061120007,-0.3394480276177645,-0.6482979558559694,0,0,1,0,0
1363252,-1.0241492638851,-1.3861972236017095,-1.0874352743153162,-0.6482979558559694,0,1,0,0,0
1362741,-0.6846629423350902,0.9695671682775354,-1.0874352743153162,-0.6482979558559694,0,0,1,0,0
1363048,0.9318398847534484,-0.129789547932779,-1.461428897664092,2.9792568982594547,0,0,1,0,0
1362537,-1.0241492638851,-1.5432481830603262,0.4085392190797872,-0.6482979558559694,0,1,0,0,0
1362640,-0.8562535864102743,1.4930703664729232,-1.0874352743153162,-0.6482979558559694,0,0,1,0,0
1363006,-0.8274148227001593,0.9695671682775354,-1.0874352743153162,-0.6482979558559694,0,0,1,0,0
1363109,-0.6187393309164992,-1.0197449848649385,-0.7134416509665403,1.165479471201743,1,0,1,0,0
1363475,0.0940287384063112,-0.5485921064890893,-0.7134416509665403,1.165479471201743,1,0,1,0,0
1362905,-0.5008608842514043,-0.1821398677523177,0.4085392190797872,1.165479471201743,0,0,1,0,0
1362598,1.203510051016391,0.2366626908039924,1.1565264657773389,1.165479471201743,0,0,1,0,0
1363374,-0.7478378590875608,-1.1244456245040158,-1.461428897664092,-0.6482979558559694,1,1,0,0,0
1362863,-1.0241492638851,-1.4908978632407872,0.782532842428563,-0.6482979558559694,1,1,0,0,0
1362497,-1.0241492638851,-1.4908978632407872,0.782532842428563,-0.6482979558559694,1,1,0,0,0
1363332,1.5991418406645306,0.6554652493603027,-0.3394480276177645,1.165479471201743,0,0,1,0,0
1362966,-0.5266355293173195,2.1212742043073884,-0.3394480276177645,-0.6482979558559694,0,0,1,0,0
1363128,-0.8354806644253321,-1.2291462641430937,0.0345455957310113,-0.6482979558559694,0,1,0,0,0
1362619,0.4246381280018013,-0.5485921064890893,-0.7134416509665403,-0.6482979558559694,0,0,1,0,0
1362720,-0.1767402164906901,-1.2291462641430937,0.0345455957310113,-0.6482979558559694,1,1,0,0,0
1363088,0.2814807025220586,0.603114929540764,0.0345455957310113,1.165479471201743,1,0,1,0,0
1362985,-0.5066286369934273,1.4407200466533845,-1.461428897664092,-0.6482979558559694,0,0,1,0,0
1363353,0.770703292523181,0.8125162088189191,0.782532842428563,-0.6482979558559694,1,1,0,0,0
1363454,-0.6582574493130162,1.1789684475556903,0.4085392190797872,-0.6482979558559694,0,0,0,0,1
1362945,-0.3977623039877432,1.7548219655706172,0.782532842428563,-0.6482979558559694,0,0,1,0,0
1362577,2.853537940917938,0.3937136502626088,-1.461428897664092,1.165479471201743,1,0,0,1,0
1363414,0.1415225773914069,0.603114929540764,0.0345455957310113,0.2585907576728866,0,0,0,0,1
1363046,-0.6047705547444123,-0.0774392281132402,-1.0874352743153162,-0.6482979558559694,0,1,0,0,0
1363210,-0.1278494998883858,1.4407200466533845,-1.461428897664092,-0.6482979558559694,1,0,0,0,1
1363311,1.4421958812858895,0.3937136502626088,-1.461428897664092,-0.6482979558559694,1,0,1,0,0
1363271,-0.6876820004109928,-0.0774392281132402,-1.0874352743153162,-0.6482979558559694,0,1,0,0,0
1362903,0.3082917406588061,0.34136333044307,-0.3394480276177645,-0.6482979558559694,0,1,0,0,0
1363067,-0.0003280916077211,0.5507646097212251,-0.7134416509665403,1.165479471201743,0,0,1,0,0
1362699,0.033692637456555,-1.2291462641430937,0.0345455957310113,-0.6482979558559694,1,1,0,0,0
1362659,-1.0241492638851,-1.4908978632407872,0.782532842428563,-0.6482979558559694,1,1,0,0,0
1363168,3.217086605938575,0.4460639700821476,-1.0874352743153162,1.165479471201743,1,0,1,0,0
1362924,-0.8076782937860494,1.6501213259315397,0.0345455957310113,-0.6482979558559694,1,0,1,0,0
1363433,-0.7278309667636685,0.1319620511649149,0.4085392190797872,-0.6482979558559694,1,1,0,0,0
1363393,-1.0241492638851,-1.3861972236017095,-1.0874352743153162,-0.6482979558559694,0,1,0,0,0
1362556,1.5032078907601012,0.1843123709844537,0.782532842428563,-0.6482979558559694,1,1,0,0,0
1362516,0.3013974737093567,-0.4962417866695505,-0.3394480276177645,2.072368184730599,1,0,0,0,1
1363025,-1.0241492638851,-1.4908978632407872,0.782532842428563,-0.6482979558559694,0,1,0,0,0
1362781,0.373314140711456,-0.600942426308628,-1.0874352743153162,-0.6482979558559694,1,1,0,0,0
1363494,0.1856368737542233,1.283669087194768,-1.0874352743153162,-0.6482979558559694,0,0,1,0,0
1363250,0.7671885681960108,0.7601658889993803,1.1565264657773389,1.165479471201743,1,0,1,0,0
1363290,-1.0241492638851,-1.4385475434212485,-1.461428897664092,-0.6482979558559694,0,1,0,0,0
1362638,-0.708364801259341,-0.129789547932779,-1.461428897664092,0.2585907576728866,0,0,0,0,1
1362882,0.9617150415343956,-0.1821398677523177,1.9045137124748903,2.072368184730599,0,0,1,0,0
1363107,-0.1146467533773488,-0.0774392281132402,-1.0874352743153162,-0.6482979558559694,0,1,0,0,0
1363351,-1.0241492638851,-1.4385475434212485,1.1565264657773389,-0.6482979558559694,0,1,0,0,0
1362964,-0.7637442396964211,1.9118729250292332,1.9045137124748903,-0.6482979558559694,0,0,1,0,0
1363147,-0.0837352035255693,0.2890130106235312,1.5305200891261146,3.886145611788311,0,0,1,0,0
1362760,0.9445920255815148,1.3360194070143068,1.5305200891261146,-0.6482979558559694,1,0,1,0,0
1363208,-0.9024406689147554,1.4407200466533845,-1.461428897664092,-0.6482979558559694,0,0,1,0,0
1363229,-0.677137827429482,-0.9150443452258608,0.0345455957310113,0.2585907576728866,1,0,1,0,0
1363004,-0.1536241449543011,-0.9673946650453996,-0.3394480276177645,-0.6482979558559694,1,0,1,0,0
1362821,-0.6715052563923503,-1.2814965839626322,-0.3394480276177645,-0.6482979558559694,1,1,0,0,0
1362596,-1.0241492638851,-1.4385475434212485,-1.461428897664092,-0.6482979558559694,0,1,0,0,0
1362617,-0.4031695721833898,0.3937136502626088,-1.461428897664092,-0.6482979558559694,0,0,1,0,0
1362861,-1.0241492638851,-1.5432481830603262,0.4085392190797872,-0.6482979558559694,0,1,0,0,0
1363086,-1.0241492638851,-1.3861972236017095,-1.0874352743153162,-0.6482979558559694,0,1,0,0,0
1362718,1.2730385078987465,0.4460639700821476,-1.0874352743153162,0.2585907576728866,1,0,1,0,0
1362535,0.1721187032651069,0.1843123709844537,0.4085392190797872,2.9792568982594547,0,0,0,0,1
1363187,1.080720002406917,0.2366626908039924,1.1565264657773389,2.072368184730599,0,0,0,1,0
1363269,0.9723493356525006,0.5507646097212251,-0.3394480276177645,0.2585907576728866,1,0,1,0,0
1363452,-0.0812118117009342,1.4407200466533845,-1.461428897664092,-0.6482979558559694,1,0,0,0,1
1362657,0.2351133777443894,-0.1821398677523177,1.5305200891261146,-0.6482979558559694,0,1,0,0,0
1363044,-0.3079115308034162,0.1843123709844537,0.782532842428563,0.2585907576728866,0,0,1,0,0
1363126,1.6231140629985636,0.3937136502626088,-1.461428897664092,1.165479471201743,0,0,1,0,0
1363309,-0.2708266830949402,-1.0197449848649385,-0.7134416509665403,0.2585907576728866,0,0,1,0,0
1363391,-0.3147156766162715,0.3937136502626088,-1.461428897664092,1.165479471201743,0,0,1,0,0
1362697,-0.7606350604839244,2.1212742043073884,-0.3394480276177645,-0.6482979558559694,0,1,0,0,0
1362983,-1.0241492638851,-1.4385475434212485,1.1565264657773389,-0.6482979558559694,1,1,0,0,0
1363166,0.1536438702633145,1.1789684475556903,0.4085392190797872,-0.6482979558559694,0,0,1,0,0
1363248,-0.701785958287971,1.1789684475556903,0.4085392190797872,-0.6482979558559694,1,0,1,0,0
1362758,-0.4842335345497911,-0.4962417866695505,-0.3394480276177645,-0.6482979558559694,0,1,0,0,0
1362636,-0.5622784388402897,1.3883697268338455,1.9045137124748903,-0.6482979558559694,1,1,0,0,0
1363023,0.389806308708178,-0.0774392281132402,-1.0874352743153162,1.165479471201743,0,0,1,0,0
1363370,-0.7222434562948338,-1.0197449848649385,-0.7134416509665403,-0.6482979558559694,1,1,0,0,0
1363492,5.386798030010054,0.603114929540764,0.0345455957310113,-0.6482979558559694,1,0,0,1,0
1362962,-0.8953661596921177,2.1212742043073884,-0.3394480276177645,-0.6482979558559694,1,0,0,0,1
1362880,-1.0241492638851,-1.5432481830603262,0.4085392190797872,-0.6482979558559694,1,1,0,0,0
1363227,-0.3500882227294594,-1.1244456245040158,-1.461428897664092,-0.6482979558559694,1,1,0,0,0
1363349,-0.6809229151664347,0.0272614115258373,-0.3394480276177645,1.165479471201743,1,0,1,0,0
1363288,0.8262179126651523,0.6554652493603027,0.4085392190797872,0.2585907576728866,0,0,1,0,0
1362737,0.945448176379159,-0.600942426308628,-1.0874352743153162,1.165479471201743,0,0,0,1,0
1363084,0.5435529677377285,0.4984142899016863,-0.7134416509665403,1.165479471201743,0,0,1,0,0
1363206,0.8697914822084042,-0.5485921064890893,-0.7134416509665403,-0.6482979558559694,0,1,0,0,0
1362676,-0.6983613550973948,1.0219174880970745,-0.7134416509665403,-0.6482979558559694,1,0,1,0,0
1363471,0.3283436935509954,-0.6532927461281668,-1.461428897664092,1.165479471201743,1,0,1,0,0
1363145,-0.7362122324669207,-0.0774392281132402,-1.0874352743153162,-0.6482979558559694,1,0,1,0,0
1362594,2.094267365112567,0.5507646097212251,-0.3394480276177645,1.165479471201743,1,0,1,0,0
1362941,-0.1960712002901266,-0.3391908272109341,0.782532842428563,1.165479471201743,0,0,1,0,0
1362859,0.9851915976171612,0.0272614115258373,-0.3394480276177645,2.9792568982594547,1,0,1,0,0
1363410,0.2608880228103046,-0.600942426308628,-1.0874352743153162,1.165479471201743,1,0,0,1,0
1363328,-0.1920608097116887,-0.600942426308628,-1.0874352743153162,1.165479471201743,1,0,0,1,0
1363002,0.8140966197932447,1.2313187673752293,0.782532842428563,-0.6482979558559694,0,0,1,0,0
1362920,-0.763654118559827,1.964223244848772,-1.461428897664092,-0.6482979558559694,0,1,0,0,0
1363267,2.769229617634149,-0.2868405073913953,1.1565264657773389,-0.6482979558559694,1,1,0,0,0
1362716,0.6323222872829262,0.6554652493603027,0.4085392190797872,0.2585907576728866,1,0,1,0,0
1363389,-0.9424093929942428,-1.2814965839626322,-0.3394480276177645,-0.6482979558559694,0,1,0,0,0
1363185,-0.6928189051968571,-1.2291462641430937,0.0345455957310113,-0.6482979558559694,1,1,0,0,0
1362512,-0.3287745739249525,1.0219174880970745,-0.7134416509665403,-0.6482979558559694,0,1,0,0,0
1362777,-0.0442621456973494,-0.6532927461281668,-1.461428897664092,2.072368184730599,0,0,0,0,1
1362981,-0.2907434542822384,-0.129789547932779,-1.461428897664092,2.072368184730599,0,0,0,0,1
1362573,0.8142318014981358,-0.3391908272109341,0.782532842428563,1.165479471201743,1,0,1,0,0
1363450,-0.8051999625297114,-0.7056430659477055,1.5305200891261146,0.2585907576728866,0,0,0,0,1
1363042,-1.0241492638851,-1.4908978632407872,0.782532842428563,-0.6482979558559694,1,1,0,0,0
1362838,-0.057149468230307,0.5507646097212251,-0.7134416509665403,-0.6482979558559694,0,0,1,0,0
1362899,0.9456734792206444,-0.4962417866695505,-0.3394480276177645,1.165479471201743,0,0,1,0,0
1363307,-0.9032066985758052,-0.8626940254063219,-0.7134416509665403,-0.6482979558559694,0,1,0,0,0
1363164,0.0708225457333281,0.2366626908039924,1.1565264657773389,-0.6482979558559694,1,1,0,0,0
1363103,0.9723493356525006,-0.4962417866695505,-0.3394480276177645,2.072368184730599,1,0,1,0,0
1363490,-1.0241492638851,-1.4385475434212485,1.1565264657773389,-0.6482979558559694,0,1,0,0,0
1362960,1.573232013893724,0.8648665286384578,1.9045137124748903,0.2585907576728866,1,0,1,0,0
1362613,-0.7084999829642321,1.807172285390156,1.1565264657773389,-0.6482979558559694,0,0,0,1,0
1363429,-0.4357483630621603,-0.8103437055867831,0.782532842428563,1.165479471201743,0,0,1,0,0
1363082,0.6189392984987009,-0.5485921064890893,-0.7134416509665403,-0.6482979558559694,1,1,0,0,0
1362552,-0.6634394146671775,-0.4962417866695505,-0.3394480276177645,1.165479471201743,0,0,0,1,0
1362878,-0.5803927872957058,-0.0250889082937014,-0.7134416509665403,1.165479471201743,0,0,1,0,0
1362817,-0.6519940303197256,-0.7056430659477055,1.5305200891261146,1.165479471201743,1,0,0,0,1
1363347,-1.0241492638851,-1.4385475434212485,-1.461428897664092,-0.6482979558559694,1,1,0,0,0
1363286,-0.6446040971190086,-0.2344901875718565,0.0345455957310113,-0.6482979558559694,0,0,1,0,0
1362939,1.1057286178117824,0.603114929540764,0.0345455957310113,0.2585907576728866,1,0,0,0,1
1362674,-1.0241492638851,-1.3861972236017095,-1.0874352743153162,-0.6482979558559694,1,1,0,0,0
1362735,-0.2587504507913296,-0.129789547932779,-1.461428897664092,-0.6482979558559694,0,1,0,0,0
1363408,0.6252027174919915,1.1789684475556903,0.4085392190797872,-0.6482979558559694,1,0,1,0,0
1363204,0.0254916140264911,0.4460639700821476,-1.0874352743153162,0.2585907576728866,0,0,1,0,0
1362531,0.9919506828617194,-0.600942426308628,-1.0874352743153162,1.165479471201743,0,0,1,0,0
1363469,-1.0241492638851,-1.333846903782171,-0.7134416509665403,-0.6482979558559694,0,1,0,0,0
1362796,-0.1831838777571689,-0.1821398677523177,1.9045137124748903,2.072368184730599,1,0,1,0,0
1362592,1.9058691290625815,0.0272614115258373,-0.3394480276177645,-0.6482979558559694,0,0,1,0,0
1363265,0.0952904343186288,0.9695671682775354,-1.0874352743153162,-0.6482979558559694,1,0,1,0,0
1363326,2.3954972641783776,-0.129789547932779,-1.461428897664092,-0.6482979558559694,1,0,0,1,0
1362857,-0.659699387498522,2.1736245241269274,0.0345455957310113,-0.6482979558559694,1,1,0,0,0
1362918,-0.2502790639514833,2.016573564668311,-1.0874352743153162,-0.6482979558559694,1,0,1,0,0
1362653,0.4016121776020063,0.2366626908039924,1.1565264657773389,1.165479471201743,0,0,1,0,0
1363387,-0.8327770303275088,0.6554652493603027,0.4085392190797872,0.2585907576728866,0,0,1,0,0
1362714,-0.3726635674462837,0.34136333044307,1.9045137124748903,-0.6482979558559694,0,0,1,0,0
1363183,1.0878395721978518,0.8648665286384578,1.9045137124748903,-0.6482979558559694,1,0,1,0,0
1362510,-0.5374951262769097,2.4353761232246214,1.9045137124748903,-0.6482979558559694,0,0,1,0,0
1362775,-0.4801780834030562,1.3883697268338455,1.9045137124748903,-0.6482979558559694,0,0,1,0,0
1362979,-0.4535022269711998,0.6554652493603027,0.4085392190797872,0.2585907576728866,0,0,0,0,1
1363244,-0.1131146940552489,-0.4438914668500117,0.0345455957310113,1.165479471201743,0,0,1,0,0
1363448,0.2032555559583717,0.7601658889993803,1.1565264657773389,-0.6482979558559694,1,1,0,0,0
1363040,0.7243359677455118,-0.0774392281132402,-1.0874352743153162,1.165479471201743,1,0,1,0,0
1362571,-0.7489193127266901,-1.2291462641430937,0.0345455957310113,-0.6482979558559694,1,1,0,0,0
1362632,1.2227058531109365,0.6554652493603027,0.4085392190797872,-0.6482979558559694,1,0,1,0,0
1362836,-0.7573906995665364,1.2313187673752293,0.782532842428563,-0.6482979558559694,0,0,0,1,0
1362897,-1.0241492638851,-1.333846903782171,-0.7134416509665403,-0.6482979558559694,1,1,0,0,0
1363305,0.045183082372304,-1.072095304684477,-1.0874352743153162,-0.6482979558559694,1,0,1,0,0
1363366,1.7801501435137992,-0.6532927461281668,-1.461428897664092,2.072368184730599,0,0,1,0,0
1363101,1.3596899807339824,-0.129789547932779,-1.461428897664092,-0.6482979558559694,0,0,0,1,0
1362489,1.4941957771006904,-0.3915411470304729,0.4085392190797872,1.165479471201743,0,0,0,1,0
1362693,-0.9060905749468168,-1.072095304684477,-1.0874352743153162,-0.6482979558559694,1,1,0,0,0
1362754,-0.4763028745295095,-0.3915411470304729,0.4085392190797872,2.072368184730599,0,0,0,0,1
1363427,2.732370072767158,0.1843123709844537,0.782532842428563,-0.6482979558559694,0,1,0,0,0
1363223,0.0738866643775278,-0.4962417866695505,-0.3394480276177645,2.072368184730599,0,0,1,0,0
1362550,-1.0241492638851,-1.4385475434212485,-1.461428897664092,-0.6482979558559694,1,1,0,0,0
1362611,0.062486340598373,0.2890130106235312,1.5305200891261146,0.2585907576728866,0,0,1,0,0
1363019,0.4439691118012377,-0.4962417866695505,-0.3394480276177645,1.165479471201743,0,0,1,0,0
1363080,-1.0241492638851,-1.5432481830603262,0.4085392190797872,-0.6482979558559694,0,1,0,0,0
1362815,-1.0241492638851,-1.333846903782171,-0.7134416509665403,-0.6482979558559694,1,1,0,0,0
1363345,1.4412496093516514,0.6554652493603027,0.4085392190797872,0.2585907576728866,0,0,1,0,0
1363284,0.6256983837432591,-0.2344901875718565,0.4085392190797872,0.2585907576728866,1,0,0,0,1
1362937,1.0694097997643564,0.4984142899016863,-0.7134416509665403,0.2585907576728866,1,0,1,0,0
1362876,-0.3419773204359895,1.074267807916613,-0.3394480276177645,-0.6482979558559694,1,0,1,0,0
1362590,-0.9130299024645632,1.0219174880970745,-0.7134416509665403,-0.6482979558559694,1,1,0,0,0
1362672,-0.2888058498454651,0.3937136502626088,-1.461428897664092,0.2585907576728866,0,0,1,0,0
1363059,0.0908294380572204,-0.6532927461281668,-1.461428897664092,-0.6482979558559694,0,1,0,0,0
1363141,-0.1716033117048259,0.4460639700821476,-1.0874352743153162,-0.6482979558559694,0,1,0,0,0
1363385,-0.9198791088457154,2.3830258034050824,1.5305200891261146,-0.6482979558559694,0,0,1,0,0
1362529,0.9508103840065084,0.0272614115258373,-0.3394480276177645,-0.6482979558559694,0,1,0,0,0
1362508,-0.5824655734373703,1.2313187673752293,0.782532842428563,-0.6482979558559694,0,0,0,1,0
1362998,-1.0241492638851,-1.333846903782171,-0.7134416509665403,-0.6482979558559694,0,1,0,0,0
1363242,-0.8244858857608508,1.0219174880970745,-0.7134416509665403,-0.6482979558559694,1,0,0,1,0
1363467,0.3060837728122504,0.2890130106235312,0.0345455957310113,-0.6482979558559694,0,1,0,0,0
1363038,0.6252928386285856,-0.129789547932779,-1.461428897664092,0.2585907576728866,0,0,0,0,1
1363263,-0.4262405831514818,0.3937136502626088,-1.461428897664092,0.2585907576728866,1,0,1,0,0
1362630,-0.3093084084206249,1.2313187673752293,0.782532842428563,-0.6482979558559694,0,1,0,0,0
1362855,-0.9210056230531418,-0.4438914668500117,0.0345455957310113,-0.6482979558559694,0,0,1,0,0
1363099,-1.0241492638851,-1.4385475434212485,-1.461428897664092,-0.6482979558559694,0,1,0,0,0
1363324,-0.3574781559301763,-0.3391908272109341,0.782532842428563,0.2585907576728866,0,0,0,0,1
1362895,0.1648639517692812,0.7078155691798415,0.782532842428563,0.2585907576728866,1,0,1,0,0
1362569,1.73806357272435,0.3937136502626088,-1.461428897664092,1.165479471201743,1,0,1,0,0
1363364,-0.3437346825995747,-0.2868405073913953,1.1565264657773389,-0.6482979558559694,0,0,1,0,0
1363303,-0.218691605575248,-1.2814965839626322,-0.3394480276177645,-0.6482979558559694,0,1,0,0,0
